"Date","Price","Open","High","Low","Vol.","Change %"
"03/23/2026","205.21","198.63","205.36","197.37","15.74M","1.73%"
"03/20/2026","201.73","201.40","205.08","201.00","35.85M","0.14%"
"03/19/2026","201.44","199.79","202.44","199.00","16.92M","1.42%"
"03/18/2026","198.61","199.22","200.73","198.51","13.31M","0.32%"
"03/17/2026","197.97","197.49","200.58","196.46","14.02M","0.57%"
"03/16/2026","196.84","196.60","197.84","195.57","12.68M","0.01%"
"03/13/2026","196.82","196.00","197.63","194.69","13.02M","-0.08%"
"03/12/2026","196.97","192.58","198.88","191.77","27.15M","2.70%"
"03/11/2026","191.79","186.59","191.86","186.49","11.37M","2.95%"
"03/10/2026","186.29","188.63","189.18","185.64","12.00M","-1.66%"
"03/09/2026","189.44","190.99","191.65","188.11","15.99M","-0.26%"
"03/06/2026","189.94","190.88","192.41","188.12","13.07M","0.02%"
"03/05/2026","189.90","186.60","189.97","186.49","13.57M","2.08%"
"03/04/2026","186.03","187.45","188.46","184.15","11.05M","-1.45%"
"03/03/2026","188.77","190.51","191.56","187.42","14.00M","-0.44%"
"03/02/2026","189.60","190.33","191.44","187.22","15.81M","1.52%"
"02/27/2026","186.76","186.00","187.54","183.77","12.04M","1.41%"
"02/26/2026","184.16","182.90","186.26","181.76","7.13M","-0.03%"
"02/25/2026","184.22","185.84","185.98","182.51","9.44M","-0.60%"
"02/24/2026","185.34","185.29","185.96","183.85","7.45M","0.23%"
"02/23/2026","184.91","184.67","186.63","184.05","7.05M","0.53%"
"02/20/2026","183.93","184.59","184.89","182.32","9.57M","-0.46%"
"02/19/2026","184.78","185.29","187.90","184.74","10.77M","0.49%"
"02/18/2026","183.87","183.23","183.92","181.98","10.31M","1.84%"
"02/17/2026","180.55","183.30","183.80","178.74","9.85M","-1.74%"
"02/13/2026","183.74","182.54","184.84","181.72","9.03M","0.73%"
"02/12/2026","182.40","185.80","185.80","182.09","9.67M","-1.84%"
"02/11/2026","185.82","183.94","186.52","183.55","10.50M","1.95%"
"02/10/2026","182.26","182.73","182.95","180.86","7.46M","-0.19%"
"02/09/2026","182.60","181.01","182.82","179.95","12.02M","0.96%"
"02/06/2026","180.86","180.30","182.10","179.51","9.90M","0.91%"
"02/05/2026","179.23","179.64","180.46","177.41","10.47M","-1.10%"
"02/04/2026","181.23","178.88","182.59","178.88","16.17M","1.79%"
"02/03/2026","178.04","173.88","178.82","173.75","18.43M","2.30%"
"02/02/2026","174.03","173.44","176.27","172.65","14.24M","-1.62%"
"01/30/2026","176.90","172.62","177.30","171.27","22.95M","3.34%"
"01/29/2026","171.19","172.65","174.92","171.04","16.79M","0.74%"
"01/28/2026","169.93","169.96","170.42","168.20","9.20M","0.52%"
"01/27/2026","169.05","167.77","169.35","166.65","9.78M","0.93%"
"01/26/2026","167.50","168.32","168.41","166.77","8.91M","0.47%"
"01/23/2026","166.72","167.95","168.44","166.44","8.37M","0.04%"
"01/22/2026","166.66","166.26","167.56","165.73","8.96M","-0.04%"
"01/21/2026","166.73","167.00","168.48","166.06","10.92M","0.87%"
"01/20/2026","165.30","166.71","167.65","165.15","11.14M","-0.58%"
"01/16/2026","166.26","166.59","167.29","165.81","9.75M","0.06%"
"01/15/2026","166.16","165.77","167.33","165.10","8.10M","-0.65%"
"01/14/2026","167.24","164.10","169.37","164.10","16.41M","2.06%"
"01/13/2026","163.87","163.47","166.13","163.30","12.07M","0.94%"
"01/12/2026","162.34","162.70","163.56","160.71","9.80M","0.14%"
"01/09/2026","162.11","160.56","162.70","159.93","12.55M","1.80%"
"01/08/2026","159.25","155.50","160.44","155.21","12.93M","2.61%"
"01/07/2026","155.20","157.44","158.01","154.90","13.54M","-0.86%"
"01/06/2026","156.54","164.88","165.05","156.11","20.56M","-4.46%"
"01/05/2026","163.85","165.75","165.75","159.31","35.09M","5.10%"
"01/02/2026","155.90","152.16","155.90","151.25","6.86M","2.29%"
"12/31/2025","152.41","152.39","152.55","151.67","4.95M","0.07%"
"12/30/2025","152.31","151.50","152.67","151.47","5.15M","0.87%"
"12/29/2025","150.99","151.00","151.64","150.09","5.59M","0.65%"
"12/26/2025","150.02","150.38","151.14","149.65","3.71M","-0.32%"
"12/25/2025","150.50","150.38","150.50","150.50","2.23M","0.00%"
"12/24/2025","150.50","150.38","150.99","150.10","2.23M","-0.01%"
"12/23/2025","150.51","150.04","151.08","149.85","4.66M","0.47%"
"12/22/2025","149.80","148.81","150.49","148.70","8.14M","1.39%"
"12/19/2025","147.75","147.96","149.01","147.18","21.70M","0.04%"
"12/18/2025","147.69","148.85","149.27","147.08","7.00M","-1.22%"
"12/17/2025","149.52","147.50","149.87","147.35","8.81M","1.89%"
"12/16/2025","146.75","148.54","148.82","146.49","11.29M","-2.04%"
"12/15/2025","149.80","149.84","150.10","148.43","7.50M","-0.13%"
"12/12/2025","149.99","151.15","151.55","149.63","5.85M","-0.48%"
"12/11/2025","150.72","150.83","151.94","150.10","8.41M","-0.46%"
"12/10/2025","151.41","149.18","151.80","148.70","10.98M","1.97%"
"12/09/2025","148.49","149.05","150.10","148.22","8.92M","-0.15%"
"12/08/2025","148.71","149.25","150.07","147.66","10.24M","-0.86%"
"12/05/2025","150.00","152.00","152.63","149.83","12.66M","-1.48%"
"12/04/2025","152.26","151.75","152.94","151.22","7.25M","0.44%"
"12/03/2025","151.59","151.04","152.50","150.98","8.06M","0.89%"
"12/02/2025","150.25","152.02","152.46","149.26","9.20M","-1.50%"
"12/01/2025","152.54","151.75","153.95","151.50","8.21M","0.93%"
"11/28/2025","151.13","149.46","151.52","149.26","3.85M","1.08%"
"11/26/2025","149.51","148.26","150.46","148.20","7.58M","0.66%"
"11/25/2025","148.53","148.90","149.90","148.27","11.45M","-0.81%"
"11/24/2025","149.75","149.82","150.12","147.74","14.18M","-0.15%"
"11/21/2025","149.98","150.43","151.01","148.75","9.25M","-0.22%"
"11/20/2025","150.31","152.54","153.04","150.04","7.62M","-0.92%"
"11/19/2025","151.70","151.16","151.96","150.25","7.54M","-1.25%"
"11/18/2025","153.62","152.50","154.28","151.76","10.81M","-0.78%"
"11/17/2025","154.82","157.72","157.89","154.43","8.74M","-1.78%"
"11/14/2025","157.62","156.23","157.95","154.81","8.48M","1.31%"
"11/13/2025","155.58","154.00","156.20","153.93","8.00M","1.47%"
"11/12/2025","153.32","155.58","155.79","152.08","11.67M","-1.87%"
"11/11/2025","156.24","156.75","157.99","155.90","6.36M","0.38%"
"11/10/2025","155.65","155.42","155.98","152.37","8.44M","0.41%"
"11/07/2025","155.02","153.43","156.17","153.43","9.84M","1.36%"
"11/06/2025","152.94","152.91","154.79","152.68","6.47M","0.18%"
"11/05/2025","152.66","153.53","154.40","152.66","5.89M","-0.48%"
"11/04/2025","153.39","153.43","153.76","152.15","6.98M","-0.42%"
"11/03/2025","154.04","157.41","157.72","153.57","8.51M","-2.33%"
"10/31/2025","157.72","155.73","159.18","155.11","11.14M","2.74%"
"10/30/2025","153.52","155.23","155.23","153.24","8.97M","-1.02%"
"10/29/2025","155.10","153.86","156.15","153.86","7.34M","0.63%"
"10/28/2025","154.13","154.90","156.23","153.89","5.07M","-0.74%"
"10/27/2025","155.28","155.79","156.50","154.87","4.88M","-0.18%"
"10/24/2025","155.56","157.41","157.63","155.43","4.98M","-0.64%"
"10/23/2025","156.56","158.20","158.59","156.12","9.81M","0.64%"
"10/22/2025","155.57","154.65","155.98","153.61","6.04M","1.16%"
"10/21/2025","153.79","154.74","155.29","153.21","6.30M","-0.45%"
"10/20/2025","154.48","153.43","154.72","153.18","5.68M","0.91%"
"10/17/2025","153.08","152.26","154.19","152.20","7.74M","0.90%"
"10/16/2025","151.71","152.14","152.73","150.23","5.28M","-0.26%"
"10/15/2025","152.11","152.90","154.21","151.04","5.82M","-0.18%"
"10/14/2025","152.39","149.81","153.46","149.66","6.42M","0.30%"
"10/13/2025","151.94","150.00","151.98","149.43","5.98M","2.04%"
"10/10/2025","148.90","150.70","151.35","148.89","7.80M","-1.81%"
"10/09/2025","151.64","154.13","154.97","151.56","6.18M","-1.37%"
"10/08/2025","153.74","154.36","154.68","152.84","5.68M","-0.76%"
"10/07/2025","154.91","153.65","154.96","151.28","5.48M","0.58%"
"10/06/2025","154.02","153.96","154.65","152.92","4.78M","0.31%"
"10/03/2025","153.55","153.58","154.28","152.23","7.25M","0.12%"
"10/02/2025","153.37","153.96","156.60","153.32","7.56M","-0.78%"
"10/01/2025","154.58","154.83","155.09","153.19","6.77M","-0.46%"
"09/30/2025","155.29","154.89","155.73","153.93","7.76M","-0.52%"
"09/29/2025","156.10","159.13","159.13","155.56","8.32M","-2.53%"
"09/26/2025","160.16","160.57","161.30","159.51","7.02M","-0.35%"
"09/25/2025","160.72","159.44","161.01","159.35","6.31M","0.97%"
"09/24/2025","159.18","158.32","160.49","158.25","6.29M","1.12%"
"09/23/2025","157.42","157.12","159.83","156.99","7.18M","0.88%"
"09/22/2025","156.05","155.62","157.12","155.15","5.24M","-0.10%"
"09/19/2025","156.21","158.99","158.99","155.55","16.73M","-1.66%"
"09/18/2025","158.84","160.03","160.29","158.09","6.24M","-0.78%"
"09/17/2025","160.09","159.20","160.67","158.61","5.74M","0.34%"
"09/16/2025","159.54","158.25","160.10","158.12","8.01M","1.42%"
"09/15/2025","157.31","157.38","158.32","156.50","5.03M","0.13%"
"09/12/2025","157.11","158.85","159.78","157.10","5.55M","-0.72%"
"09/11/2025","158.25","156.50","158.92","156.01","6.42M","0.29%"
"09/10/2025","157.79","155.05","157.92","155.00","7.44M","1.90%"
"09/09/2025","154.85","154.91","156.99","154.60","7.77M","0.55%"
"09/08/2025","154.00","153.91","155.03","152.88","9.46M","0.22%"
"09/05/2025","153.66","156.06","156.72","153.49","11.01M","-2.56%"
"09/04/2025","157.69","158.06","159.65","157.50","7.24M","-0.23%"
"09/03/2025","158.06","160.00","161.85","157.02","9.56M","-2.33%"
"09/02/2025","161.83","160.48","161.86","159.38","8.95M","0.77%"
"08/29/2025","160.60","159.70","161.10","159.45","6.93M","0.80%"
"08/28/2025","159.32","159.01","159.52","157.85","6.50M","0.05%"
"08/27/2025","159.24","157.40","159.99","157.21","7.48M","1.19%"
"08/26/2025","157.36","157.51","160.00","156.55","10.27M","-0.53%"
"08/25/2025","158.20","157.90","158.32","157.17","7.03M","0.01%"
"08/22/2025","158.18","155.32","158.79","155.32","9.08M","1.69%"
"08/21/2025","155.55","152.82","155.67","152.73","7.53M","1.52%"
"08/20/2025","153.22","152.42","153.49","151.93","8.08M","0.80%"
"08/19/2025","152.00","153.46","153.94","151.85","8.57M","-2.14%"
"08/18/2025","155.32","156.13","156.49","154.75","8.17M","-0.79%"
"08/15/2025","156.55","155.48","158.54","155.29","11.62M","0.90%"
"08/14/2025","155.16","155.70","155.70","154.10","7.34M","-0.46%"
"08/13/2025","155.87","154.57","156.01","154.20","6.58M","0.93%"
"08/12/2025","154.44","154.09","156.05","153.36","6.65M","0.65%"
"08/11/2025","153.45","155.34","155.93","152.99","6.17M","-1.01%"
"08/08/2025","155.01","153.99","155.75","153.50","6.33M","1.21%"
"08/07/2025","153.16","153.79","155.15","152.83","6.51M","0.25%"
"08/06/2025","152.78","154.48","155.16","152.22","7.84M","-0.17%"
"08/05/2025","153.04","151.03","153.10","149.90","8.60M","1.32%"
"08/04/2025","151.04","151.25","152.08","149.82","10.12M","-0.24%"
"08/01/2025","151.40","152.54","154.65","150.35","10.71M","-0.16%"
"07/31/2025","151.64","152.00","153.93","151.14","10.24M","-1.25%"
"07/30/2025","153.56","156.14","156.31","152.70","9.19M","-2.21%"
"07/29/2025","157.03","156.68","157.21","155.45","6.45M","0.48%"
"07/28/2025","156.28","155.40","156.55","154.95","8.76M","0.93%"
"07/25/2025","154.84","155.83","156.20","153.96","7.88M","-0.64%"
"07/24/2025","155.83","152.68","155.99","152.20","15.70M","1.77%"
"07/23/2025","153.12","150.90","153.14","150.46","13.16M","2.05%"
"07/22/2025","150.04","149.26","150.94","148.48","26.20M","0.24%"
"07/21/2025","149.68","151.20","151.67","149.13","17.98M","-0.24%"
"07/18/2025","150.04","155.02","155.91","146.53","45.78M","-0.89%"
"07/17/2025","151.38","149.16","151.84","148.60","8.36M","0.97%"
"07/16/2025","149.92","150.76","151.48","149.22","7.92M","-0.51%"
"07/15/2025","150.69","151.60","152.31","150.25","7.35M","-0.63%"
"07/14/2025","151.65","154.90","154.90","151.14","10.71M","-2.36%"
"07/11/2025","155.31","154.29","155.89","153.57","8.33M","0.74%"
"07/10/2025","154.17","152.79","155.28","151.68","8.40M","0.75%"
"07/09/2025","153.02","152.94","153.96","152.48","9.50M","-0.14%"
"07/08/2025","153.24","147.32","153.24","147.26","14.08M","3.96%"
"07/07/2025","147.40","147.40","148.17","145.58","9.46M","-0.65%"
"07/03/2025","148.37","147.84","148.98","147.36","5.17M","0.26%"
"07/02/2025","147.98","147.01","148.01","145.47","8.23M","1.66%"
"07/01/2025","145.57","143.34","146.27","142.51","8.51M","1.66%"
"06/30/2025","143.19","143.04","144.10","142.40","6.98M","-0.42%"
"06/27/2025","143.79","144.55","144.66","142.57","9.21M","-0.45%"
"06/26/2025","144.44","143.70","145.08","143.40","7.42M","0.84%"
"06/25/2025","143.23","143.41","144.20","142.51","7.39M","-0.22%"
"06/24/2025","143.55","144.54","146.39","143.16","10.78M","-2.25%"
"06/23/2025","146.86","152.12","152.15","146.32","10.54M","-1.80%"
"06/20/2025","149.55","148.52","149.90","147.90","23.71M","0.92%"
"06/18/2025","148.19","149.44","150.17","147.70","9.84M","-0.44%"
"06/17/2025","148.85","147.33","149.98","146.50","11.33M","1.93%"
"06/16/2025","146.03","145.73","146.87","143.74","10.11M","0.08%"
"06/13/2025","145.91","147.08","147.60","144.54","14.15M","0.65%"
"06/12/2025","144.97","144.50","145.20","143.43","7.00M","0.13%"
"06/11/2025","144.78","144.19","145.12","142.61","9.26M","1.00%"
"06/10/2025","143.35","142.22","144.94","141.91","9.84M","1.84%"
"06/09/2025","140.76","140.55","142.14","139.68","7.16M","0.39%"
"06/06/2025","140.21","138.09","140.61","138.09","6.56M","2.42%"
"06/05/2025","136.90","138.15","138.29","136.70","6.35M","-0.34%"
"06/04/2025","137.37","139.42","140.63","137.33","8.74M","-1.56%"
"06/03/2025","139.55","137.65","140.59","136.60","9.00M","1.24%"
"06/02/2025","137.84","138.49","138.69","136.43","9.08M","0.83%"
"05/30/2025","136.70","136.88","137.45","135.21","12.86M","-0.88%"
"05/29/2025","137.91","136.50","137.94","136.10","7.56M","1.39%"
"05/28/2025","136.02","138.78","138.79","135.66","6.88M","-1.31%"
"05/27/2025","137.83","137.38","137.97","136.41","8.35M","0.94%"
"05/23/2025","136.54","134.39","136.79","134.06","7.03M","0.92%"
"05/22/2025","135.29","134.99","135.99","133.77","8.88M","-0.20%"
"05/21/2025","135.56","136.62","137.13","135.49","9.07M","-1.25%"
"05/20/2025","137.27","138.29","138.75","137.03","6.50M","-0.88%"
"05/19/2025","138.49","139.47","139.52","137.12","7.71M","-2.54%"
"05/16/2025","142.10","142.70","143.00","140.70","8.20M","-0.11%"
"05/15/2025","142.26","140.00","142.46","139.51","7.55M","0.42%"
"05/14/2025","141.67","141.76","142.23","140.73","6.45M","-0.48%"
"05/13/2025","142.35","141.53","143.23","140.92","8.54M","0.52%"
"05/12/2025","141.62","142.45","143.71","140.57","8.03M","2.26%"
"05/09/2025","138.49","138.90","139.37","137.70","5.97M","1.06%"
"05/08/2025","137.04","136.68","138.89","136.47","8.67M","0.92%"
"05/07/2025","135.79","136.07","136.30","134.62","8.42M","0.14%"
"05/06/2025","135.60","136.35","137.31","135.04","9.92M","0.07%"
"05/05/2025","135.50","136.77","137.00","135.18","9.66M","-2.17%"
"05/02/2025","138.50","137.88","139.78","135.29","12.39M","1.64%"
"05/01/2025","136.26","135.42","137.95","135.12","10.20M","0.15%"
"04/30/2025","136.06","138.00","138.15","134.14","13.86M","-2.33%"
"04/29/2025","139.30","138.69","140.01","138.57","7.34M","-0.57%"
"04/28/2025","140.10","138.97","140.46","138.68","6.72M","0.99%"
"04/25/2025","138.73","138.33","139.05","137.25","6.88M","-0.24%"
"04/24/2025","139.07","137.92","139.40","137.22","7.75M","1.75%"
"04/23/2025","136.68","137.21","138.55","135.15","10.00M","-0.45%"
"04/22/2025","137.30","135.26","138.24","134.94","7.98M","2.67%"
"04/21/2025","133.73","136.02","136.29","132.33","9.97M","-3.00%"
"04/17/2025","137.87","136.69","140.24","136.45","8.43M","1.85%"
"04/16/2025","135.36","135.40","137.55","134.80","8.64M","0.61%"
"04/15/2025","134.54","134.32","136.63","134.25","9.33M","-0.58%"
"04/14/2025","135.32","138.48","138.54","134.10","9.63M","-0.23%"
"04/11/2025","135.63","135.01","137.12","132.04","17.22M","0.48%"
"04/10/2025","134.98","143.22","143.63","133.45","20.99M","-7.57%"
"04/09/2025","146.03","135.02","147.47","133.88","16.85M","6.65%"
"04/08/2025","136.93","144.15","144.49","134.87","12.90M","-2.30%"
"04/07/2025","140.15","138.73","146.19","137.29","17.82M","-2.18%"
"04/04/2025","143.28","151.76","152.46","142.75","20.37M","-8.22%"
"04/03/2025","156.12","160.12","161.35","155.80","15.50M","-6.22%"
"04/02/2025","166.47","167.40","167.98","165.85","7.04M","-1.21%"
"04/01/2025","168.51","167.29","168.60","166.16","6.38M","0.73%"
"03/31/2025","167.29","166.19","168.92","166.13","10.68M","0.72%"
"03/28/2025","166.09","166.70","167.13","165.29","4.92M","-0.34%"
"03/27/2025","166.65","167.25","168.22","165.85","6.86M","-0.79%"
"03/26/2025","167.97","167.37","168.96","167.25","10.08M","1.22%"
"03/25/2025","165.94","166.08","167.82","165.11","7.87M","0.56%"
"03/24/2025","165.02","164.69","166.43","164.32","8.07M","0.16%"
"03/21/2025","164.75","164.49","164.88","163.11","21.63M","-0.01%"
"03/20/2025","164.77","163.13","165.31","162.41","9.55M","0.44%"
"03/19/2025","164.05","160.96","164.54","160.90","11.50M","2.01%"
"03/18/2025","160.81","159.74","161.09","158.82","9.29M","1.32%"
"03/17/2025","158.72","157.22","159.45","156.76","7.62M","1.08%"
"03/14/2025","157.02","153.99","157.24","153.01","6.67M","2.22%"
"03/13/2025","153.61","152.26","154.43","151.92","9.02M","0.62%"
"03/12/2025","152.67","153.64","154.79","152.21","9.71M","-0.92%"
"03/11/2025","154.08","158.43","158.84","153.79","10.47M","-2.21%"
"03/10/2025","157.57","157.19","160.37","156.17","11.75M","0.79%"
"03/07/2025","156.34","153.95","157.45","153.71","8.56M","2.22%"
"03/06/2025","152.95","150.51","153.33","149.47","7.31M","1.42%"
"03/05/2025","150.81","150.15","151.37","147.74","9.29M","-0.78%"
"03/04/2025","152.00","151.21","154.15","150.05","8.83M","-0.71%"
"03/03/2025","153.09","159.46","160.09","151.76","9.06M","-3.49%"
"02/28/2025","158.62","156.70","158.67","154.92","8.83M","1.24%"
"02/27/2025","156.67","155.69","158.29","154.81","7.52M","0.99%"
"02/26/2025","155.14","156.62","156.69","154.40","6.01M","-0.82%"
"02/25/2025","156.42","157.99","158.99","155.46","6.81M","-0.93%"
"02/24/2025","157.89","157.09","158.33","156.75","5.93M","0.62%"
"02/21/2025","156.92","158.13","158.95","156.82","6.69M","-1.18%"
"02/20/2025","158.79","157.50","158.95","157.07","6.26M","0.99%"
"02/19/2025","157.23","156.52","158.36","156.00","4.95M","0.69%"
"02/18/2025","156.16","155.34","157.31","154.78","5.98M","0.53%"
"02/14/2025","155.34","155.08","157.45","154.88","5.83M","-0.35%"
"02/13/2025","155.88","154.78","156.42","153.32","7.84M","0.63%"
"02/12/2025","154.90","156.75","157.46","154.57","6.69M","-1.61%"
"02/11/2025","157.44","156.35","158.71","156.12","6.01M","1.07%"
"02/10/2025","155.77","154.29","155.80","154.06","5.65M","2.06%"
"02/07/2025","152.62","152.48","153.81","151.92","4.72M","0.47%"
"02/06/2025","151.90","154.22","155.26","151.06","6.42M","-0.71%"
"02/05/2025","152.99","152.99","153.80","152.29","6.53M","-0.15%"
"02/04/2025","153.22","148.72","153.38","148.72","8.46M","2.60%"
"02/03/2025","149.34","149.00","150.86","147.80","7.60M","0.10%"
"01/31/2025","149.19","153.76","154.37","148.65","16.73M","-4.56%"
"01/30/2025","156.32","156.56","157.45","155.52","6.93M","0.40%"
"01/29/2025","155.69","155.71","156.58","154.81","5.63M","-0.33%"
"01/28/2025","156.21","157.71","158.92","155.18","6.43M","-0.65%"
"01/27/2025","157.23","156.33","157.89","155.52","7.14M","1.02%"
"01/24/2025","155.65","156.46","157.47","155.27","8.00M","-0.23%"
"01/23/2025","156.01","157.63","157.94","155.62","5.98M","-0.26%"
"01/22/2025","156.41","157.68","158.44","156.27","7.23M","-1.16%"
"01/21/2025","158.24","161.15","161.40","157.49","10.13M","-2.00%"
"01/17/2025","161.47","159.13","161.77","158.80","9.26M","1.31%"
"01/16/2025","159.38","158.03","159.90","158.03","5.58M","0.66%"
"01/15/2025","158.33","156.88","158.69","156.38","7.90M","0.91%"
"01/14/2025","156.90","155.21","156.91","154.46","6.83M","1.00%"
"01/13/2025","155.35","154.10","157.35","154.00","11.77M","1.44%"
"01/10/2025","153.14","153.41","154.34","150.87","11.07M","1.89%"
"01/08/2025","150.30","148.04","151.18","148.03","7.64M","0.47%"
"01/07/2025","149.59","148.51","150.50","147.63","7.74M","1.58%"
"01/06/2025","147.26","148.40","150.33","146.87","5.89M","-0.40%"
"01/03/2025","147.85","147.54","148.50","147.30","5.81M","0.78%"
"01/02/2025","146.71","145.48","148.07","145.48","7.17M","1.29%"
"12/31/2024","144.84","143.52","145.34","143.32","6.14M","1.24%"
"12/30/2024","143.07","143.79","143.98","142.35","6.19M","-0.65%"
"12/27/2024","144.00","144.29","145.71","143.39","5.30M","0.01%"
"12/26/2024","143.98","143.67","144.31","142.90","4.49M","0.10%"
"12/24/2024","143.84","143.10","144.04","142.26","3.56M","0.61%"
"12/23/2024","142.97","142.48","143.35","141.54","8.16M","0.08%"
"12/20/2024","142.85","140.82","142.85","140.55","32.21M","1.20%"
"12/19/2024","141.15","144.57","144.76","140.95","16.54M","-2.03%"
"12/18/2024","144.08","147.76","148.67","143.98","10.17M","-2.72%"
"12/17/2024","148.11","148.00","148.65","146.91","11.91M","-0.84%"
"12/16/2024","149.36","153.89","153.89","149.25","11.96M","-2.93%"
"12/13/2024","153.87","154.87","154.96","153.07","5.82M","-0.54%"
"12/12/2024","154.71","155.87","156.52","154.27","7.62M","-0.96%"
"12/11/2024","156.21","156.86","157.17","155.80","13.76M","-0.50%"
"12/10/2024","157.00","159.06","159.52","156.70","9.13M","-0.05%"
"12/09/2024","157.08","157.00","160.08","156.82","9.40M","1.19%"
"12/06/2024","155.24","158.75","158.83","155.17","9.70M","-2.57%"
"12/05/2024","159.33","159.29","160.67","158.69","6.36M","0.64%"
"12/04/2024","158.32","161.83","161.84","157.86","7.86M","-2.22%"
"12/03/2024","161.92","162.98","163.20","161.39","5.90M","-0.18%"
"12/02/2024","162.21","162.29","162.95","160.11","6.23M","0.17%"
"11/29/2024","161.93","162.25","162.75","160.66","5.08M","-0.11%"
"11/27/2024","162.11","162.76","164.68","161.61","7.67M","-0.26%"
"11/26/2024","162.53","162.31","162.94","161.40","7.37M","1.35%"
"11/25/2024","160.36","162.15","163.17","159.83","10.70M","-1.23%"
"11/22/2024","162.36","161.51","162.61","161.15","7.01M","0.45%"
"11/21/2024","161.63","162.02","162.65","161.29","7.95M","0.19%"
"11/20/2024","161.33","159.91","161.44","159.78","6.39M","1.08%"
"11/19/2024","159.60","159.98","160.43","158.75","4.66M","-0.72%"
"11/18/2024","160.76","160.56","161.52","159.07","6.09M","-0.41%"
"11/15/2024","161.42","161.52","162.38","160.76","9.02M","-0.23%"
"11/14/2024","161.80","159.84","161.83","159.68","10.11M","1.94%"
"11/13/2024","158.72","156.07","159.02","154.53","8.82M","2.21%"
"11/12/2024","155.29","157.30","157.47","155.12","5.68M","-0.77%"
"11/11/2024","156.50","157.14","157.94","155.90","7.77M","-0.27%"
"11/08/2024","156.93","156.60","157.58","155.67","6.04M","0.10%"
"11/07/2024","156.77","157.94","158.01","156.40","8.14M","-0.60%"
"11/06/2024","157.72","157.10","158.61","156.12","12.12M","2.81%"
"11/05/2024","153.41","154.53","154.67","152.55","5.98M","-0.36%"
"11/04/2024","153.97","154.42","154.42","152.62","6.13M","0.59%"
"11/01/2024","153.07","152.48","155.93","151.70","11.73M","2.86%"
"10/31/2024","148.82","148.76","149.57","147.89","8.40M","0.52%"
"10/30/2024","148.05","149.08","149.65","147.66","5.78M","-0.32%"
"10/29/2024","148.52","150.04","150.41","147.87","6.01M","-1.34%"
"10/28/2024","150.54","148.25","150.70","148.16","8.89M","-0.18%"
"10/25/2024","150.81","151.39","152.12","150.46","6.84M","0.24%"
"10/24/2024","150.45","151.13","151.45","149.38","5.47M","-0.02%"
"10/23/2024","150.48","150.36","151.00","149.29","5.25M","-0.29%"
"10/22/2024","150.92","151.25","151.68","150.22","4.42M","0.03%"
"10/21/2024","150.88","152.00","152.48","150.49","5.07M","0.09%"
"10/18/2024","150.75","150.82","151.08","149.38","5.21M","-0.30%"
"10/17/2024","151.20","149.26","151.33","148.97","6.59M","1.66%"
"10/16/2024","148.73","148.35","149.03","148.21","4.30M","0.68%"
"10/15/2024","147.73","148.80","149.96","147.56","6.70M","-2.67%"
"10/14/2024","151.78","150.52","151.90","150.18","4.21M","0.24%"
"10/11/2024","151.42","150.38","152.33","150.25","5.05M","0.53%"
"10/10/2024","150.62","150.68","151.55","149.85","4.42M","0.65%"
"10/09/2024","149.65","147.51","150.37","147.36","4.97M","0.61%"
"10/08/2024","148.75","149.20","149.60","147.73","5.89M","-1.57%"
"10/07/2024","151.12","151.50","152.75","150.69","5.90M","0.25%"
"10/04/2024","150.74","152.48","152.50","150.13","7.90M","-0.34%"
"10/03/2024","151.25","151.31","152.17","150.02","6.55M","0.20%"
"10/02/2024","150.95","151.68","152.28","149.26","8.11M","0.84%"
"10/01/2024","149.70","146.35","150.52","145.45","9.49M","1.65%"
"09/30/2024","147.27","145.37","147.48","144.28","7.49M","1.22%"
"09/27/2024","145.49","142.98","145.77","142.84","8.05M","2.46%"
"09/26/2024","141.99","140.90","143.22","140.63","8.05M","-1.38%"
"09/25/2024","143.97","146.95","147.41","143.50","7.89M","-2.36%"
"09/24/2024","147.45","148.88","149.10","146.91","6.01M","-0.06%"
"09/23/2024","147.54","146.25","148.41","145.95","6.96M","1.28%"
"09/20/2024","145.68","145.23","145.91","143.44","23.16M","0.48%"
"09/19/2024","144.99","145.81","146.78","144.93","7.25M","0.72%"
"09/18/2024","143.96","143.32","145.60","143.19","6.18M","0.38%"
"09/17/2024","143.41","141.80","144.14","141.74","7.34M","0.93%"
"09/16/2024","142.09","141.69","143.16","141.07","6.86M","1.05%"
"09/13/2024","140.61","139.87","141.53","139.71","5.90M","1.01%"
"09/12/2024","139.21","138.23","139.47","137.42","6.59M","0.96%"
"09/11/2024","137.88","138.21","138.48","135.37","9.53M","-0.25%"
"09/10/2024","138.23","140.90","141.08","137.09","8.20M","-1.48%"
"09/09/2024","140.30","138.63","142.02","138.54","9.89M","1.26%"
"09/06/2024","138.56","141.07","142.11","137.87","7.84M","-1.68%"
"09/05/2024","140.93","143.17","143.17","140.60","9.37M","-0.80%"
"09/04/2024","142.07","144.64","145.53","141.67","9.82M","-1.79%"
"09/03/2024","144.66","145.55","145.77","144.28","7.94M","-2.22%"
"08/30/2024","147.95","146.22","148.08","145.70","6.41M","0.36%"
"08/29/2024","147.42","146.46","148.18","145.44","4.47M","0.97%"
"08/28/2024","146.00","146.44","147.14","145.48","5.61M","-0.65%"
"08/27/2024","146.95","148.67","149.55","146.74","5.10M","-1.04%"
"08/26/2024","148.50","148.97","150.09","147.55","5.78M","0.60%"
"08/23/2024","147.62","146.52","148.09","146.32","4.82M","1.30%"
"08/22/2024","145.73","145.35","146.33","145.13","4.03M","0.28%"
"08/21/2024","145.32","145.43","146.64","144.55","5.98M","0.44%"
"08/20/2024","144.69","146.33","146.51","144.56","7.50M","-1.46%"
"08/19/2024","146.83","146.01","147.73","145.89","5.97M","-0.30%"
"08/16/2024","147.27","146.05","147.62","145.64","6.87M","0.32%"
"08/15/2024","146.80","145.59","147.52","145.48","6.30M","1.47%"
"08/14/2024","144.67","144.39","145.24","143.43","5.87M","0.36%"
"08/13/2024","144.15","144.08","144.55","143.05","7.79M","-0.60%"
"08/12/2024","145.02","145.84","146.74","139.69","8.44M","0.02%"
"08/09/2024","144.99","144.21","146.11","143.19","7.65M","0.35%"
"08/08/2024","144.49","143.07","144.82","142.71","7.53M","1.46%"
"08/07/2024","142.41","144.58","145.73","142.28","8.87M","-0.57%"
"08/06/2024","143.23","144.49","145.09","143.12","9.69M","-0.99%"
"08/05/2024","144.66","145.52","145.77","143.41","13.04M","-2.62%"
"08/02/2024","148.55","151.13","152.04","147.02","13.28M","-2.67%"
"08/01/2024","152.62","158.71","159.50","152.03","16.69M","-4.89%"
"07/31/2024","160.47","161.69","161.69","160.05","6.21M","0.56%"
"07/30/2024","159.57","156.46","160.09","156.43","5.74M","1.90%"
"07/29/2024","156.60","158.25","158.25","154.86","5.07M","-0.79%"
"07/26/2024","157.84","157.73","159.04","157.06","5.23M","0.19%"
"07/25/2024","157.54","155.37","158.26","154.62","5.43M","1.59%"
"07/24/2024","155.07","154.69","155.70","153.42","5.97M","0.64%"
"07/23/2024","154.09","156.35","156.60","153.84","6.24M","-1.85%"
"07/22/2024","156.99","158.22","158.98","156.85","5.58M","-1.36%"
"07/19/2024","159.15","162.48","162.70","158.41","6.43M","-1.74%"
"07/18/2024","161.97","161.23","164.28","160.24","6.58M","0.46%"
"07/17/2024","161.23","158.50","161.48","158.29","7.30M","2.19%"
"07/16/2024","157.77","157.01","158.31","156.15","6.92M","-0.17%"
"07/15/2024","158.04","156.95","159.52","156.37","5.66M","1.57%"
"07/12/2024","155.59","156.16","156.44","154.56","6.45M","0.21%"
"07/11/2024","155.26","155.00","156.68","154.22","8.32M","0.08%"
"07/10/2024","155.13","152.50","155.44","152.30","5.42M","1.41%"
"07/09/2024","152.98","153.00","154.76","152.35","5.30M","-0.87%"
"07/08/2024","154.33","153.32","155.28","153.32","4.99M","0.01%"
"07/05/2024","154.31","156.55","156.55","153.68","6.18M","-1.53%"
"07/03/2024","156.71","156.94","157.74","156.56","3.26M","-0.03%"
"07/02/2024","156.75","157.68","157.72","155.45","7.22M","0.15%"
"07/01/2024","156.52","157.16","158.70","155.98","5.58M","0.06%"
"06/28/2024","156.42","157.52","158.58","156.17","11.28M","0.06%"
"06/27/2024","156.32","156.70","156.94","155.63","5.57M","0.24%"
"06/26/2024","155.95","158.46","158.46","155.79","8.64M","-1.58%"
"06/25/2024","158.46","159.12","159.36","157.67","6.06M","-0.53%"
"06/24/2024","159.31","156.27","159.54","156.19","7.97M","2.60%"
"06/21/2024","155.28","156.80","157.66","155.22","21.29M","-0.87%"
"06/20/2024","156.64","153.71","157.41","153.25","8.34M","2.16%"
"06/18/2024","153.33","153.55","155.95","152.84","6.94M","0.09%"
"06/17/2024","153.19","152.50","153.93","151.93","6.32M","0.41%"
"06/14/2024","152.57","153.13","153.29","151.97","6.16M","-0.18%"
"06/13/2024","152.84","153.77","154.09","152.23","6.16M","-0.89%"
"06/12/2024","154.22","157.49","157.63","152.40","10.02M","-1.45%"
"06/11/2024","156.49","156.17","156.75","154.48","5.13M","-0.16%"
"06/10/2024","156.74","156.41","158.20","156.32","7.08M","0.42%"
"06/07/2024","156.08","155.71","157.69","155.13","5.89M","0.10%"
"06/06/2024","155.93","154.50","156.02","153.39","5.22M","0.61%"
"06/05/2024","154.98","156.16","157.02","154.53","7.06M","-0.74%"
"06/04/2024","156.13","155.72","156.35","154.11","6.36M","-0.84%"
"06/03/2024","157.46","161.49","161.68","156.46","9.01M","-2.98%"
"05/31/2024","162.30","158.63","162.58","158.51","10.33M","2.55%"
"05/30/2024","158.26","156.85","158.46","156.81","6.37M","0.87%"
"05/29/2024","156.90","158.02","158.49","156.44","5.91M","-1.35%"
"05/28/2024","159.04","158.12","159.42","157.95","6.93M","0.82%"
"05/24/2024","157.75","158.08","158.97","157.30","4.48M","0.52%"
"05/23/2024","156.94","157.92","158.60","156.33","6.72M","-0.40%"
"05/22/2024","157.57","159.52","159.52","156.52","6.26M","-1.50%"
"05/21/2024","159.97","160.58","161.46","159.74","4.78M","-0.73%"
"05/20/2024","161.14","162.72","163.00","161.07","4.91M","-0.94%"
"05/17/2024","162.67","161.75","162.97","161.19","5.50M","0.98%"
"05/16/2024","161.09","161.53","162.00","160.48","6.41M","-1.20%"
"05/15/2024","163.05","163.13","163.80","160.17","7.60M","-0.34%"
"05/14/2024","163.61","164.34","165.20","163.02","4.92M","-0.56%"
"05/13/2024","164.53","166.48","166.91","162.98","6.85M","-0.78%"
"05/10/2024","165.82","166.04","166.42","165.02","5.49M","0.22%"
"05/09/2024","165.45","163.02","165.51","162.73","6.68M","1.79%"
"05/08/2024","162.54","161.95","163.08","161.54","6.71M","-0.08%"
"05/07/2024","162.67","162.31","163.15","162.02","6.87M","0.23%"
"05/06/2024","162.30","160.73","164.02","160.73","8.43M","1.28%"
"05/03/2024","160.25","160.66","160.66","157.04","11.66M","-0.30%"
"05/02/2024","160.73","160.41","161.77","159.89","8.60M","0.69%"
"05/01/2024","159.63","160.78","161.45","158.90","7.71M","-1.02%"
"04/30/2024","161.27","165.97","166.12","160.95","8.46M","-3.04%"
"04/29/2024","166.33","165.91","167.11","164.69","6.37M","0.27%"
"04/26/2024","165.89","165.23","166.98","163.30","9.74M","0.37%"
"04/25/2024","165.28","163.70","165.60","162.67","9.70M","1.05%"
"04/24/2024","163.57","161.88","163.84","161.45","7.61M","0.44%"
"04/23/2024","162.85","161.31","162.85","160.60","5.60M","0.57%"
"04/22/2024","161.92","159.95","162.70","158.44","6.78M","1.20%"
"04/19/2024","160.00","158.75","160.75","158.15","7.73M","1.54%"
"04/18/2024","157.57","157.14","158.04","156.39","4.98M","0.75%"
"04/17/2024","156.40","155.99","157.71","155.64","6.73M","0.08%"
"04/16/2024","156.28","157.30","157.81","155.42","5.54M","-0.83%"
"04/15/2024","157.59","159.94","160.49","157.36","7.24M","-0.86%"
"04/12/2024","158.96","162.29","163.87","158.04","11.07M","-1.81%"
"04/11/2024","161.89","163.62","163.62","159.80","7.68M","-0.48%"
"04/10/2024","162.67","162.21","162.77","161.01","7.53M","0.41%"
"04/09/2024","162.00","161.85","162.53","160.46","6.58M","0.45%"
"04/08/2024","161.27","161.65","162.50","160.33","7.25M","-0.20%"
"04/05/2024","161.60","161.33","162.17","159.86","7.43M","0.57%"
"04/04/2024","160.69","160.80","161.95","159.82","9.27M","0.16%"
"04/03/2024","160.44","160.10","160.95","159.72","7.82M","0.41%"
"04/02/2024","159.78","160.05","161.22","159.02","8.82M","0.44%"
"04/01/2024","159.08","158.27","159.59","156.94","6.29M","0.85%"
"03/28/2024","157.74","157.15","158.19","156.37","8.33M","0.89%"
"03/27/2024","156.35","154.87","156.44","154.85","7.42M","0.70%"
"03/26/2024","155.27","156.52","156.86","154.65","6.68M","-0.77%"
"03/25/2024","156.47","155.48","157.31","155.27","6.06M","1.17%"
"03/22/2024","154.66","155.08","155.28","154.16","5.97M","-0.13%"
"03/21/2024","154.86","154.95","155.69","154.41","7.90M","0.20%"
"03/20/2024","154.55","155.76","156.43","154.23","8.45M","-1.32%"
"03/19/2024","156.62","155.30","156.84","155.01","7.74M","0.78%"
"03/18/2024","155.41","156.03","156.67","154.94","7.24M","-0.09%"
"03/15/2024","155.55","155.19","157.04","154.42","20.39M","-0.10%"
"03/14/2024","155.70","153.77","155.73","152.76","9.05M","1.18%"
"03/13/2024","153.89","153.24","154.88","153.15","8.07M","1.32%"
"03/12/2024","151.89","151.83","152.57","150.79","6.43M","-0.07%"
"03/11/2024","152.00","150.50","152.08","149.59","7.58M","1.41%"
"03/08/2024","149.88","149.37","149.99","148.39","7.53M","0.34%"
"03/07/2024","149.37","148.50","150.75","148.45","8.74M","0.70%"
"03/06/2024","148.33","150.83","152.41","148.14","14.69M","-0.84%"
"03/05/2024","149.59","148.83","150.62","148.30","6.99M","0.48%"
"03/04/2024","148.88","152.50","152.59","147.67","12.50M","-2.57%"
"03/01/2024","152.81","153.05","154.35","152.25","7.46M","0.53%"
"02/29/2024","152.01","152.91","153.24","151.48","9.33M","-0.22%"
"02/28/2024","152.34","152.36","153.86","151.78","6.72M","0.12%"
"02/27/2024","152.16","153.20","153.88","149.90","15.09M","-1.48%"
"02/26/2024","154.45","154.54","155.55","153.83","6.90M","-0.14%"
"02/23/2024","154.66","154.87","154.92","153.25","6.56M","-0.50%"
"02/22/2024","155.43","154.82","156.63","153.83","8.87M","-0.01%"
"02/21/2024","155.44","154.57","155.57","154.10","6.63M","0.94%"
"02/20/2024","154.00","155.47","155.61","153.83","6.98M","-0.41%"
"02/16/2024","154.63","155.37","155.77","154.09","7.57M","0.11%"
"02/15/2024","154.46","149.91","155.09","149.67","8.95M","2.28%"
"02/14/2024","151.01","151.28","152.20","150.08","6.00M","0.27%"
"02/13/2024","150.60","152.62","153.07","149.60","6.99M","-0.97%"
"02/12/2024","152.08","151.62","152.61","151.39","6.71M","0.69%"
"02/09/2024","151.04","154.42","155.32","150.98","9.19M","-1.96%"
"02/08/2024","154.06","151.95","154.30","151.65","9.24M","1.27%"
"02/07/2024","152.13","153.02","153.78","151.17","6.25M","-0.14%"
"02/06/2024","152.35","152.50","153.54","151.81","6.20M","0.01%"
"02/05/2024","152.33","151.62","153.51","150.79","8.28M","0.06%"
"02/02/2024","152.24","150.86","153.38","149.55","12.84M","2.94%"
"02/01/2024","147.89","148.19","149.02","146.52","8.14M","0.31%"
"01/31/2024","147.43","150.37","150.38","147.34","10.43M","-1.79%"
"01/30/2024","150.12","148.18","150.31","147.71","9.90M","0.70%"
"01/29/2024","149.08","149.09","149.22","147.11","10.49M","-0.04%"
"01/26/2024","149.14","148.03","149.26","146.98","9.15M","0.38%"
"01/25/2024","148.57","146.22","148.69","145.23","9.77M","2.52%"
"01/24/2024","144.92","142.70","144.98","142.22","8.10M","1.99%"
"01/23/2024","142.09","141.99","143.33","141.90","6.77M","-0.28%"
"01/22/2024","142.49","141.91","142.66","140.92","9.18M","0.18%"
"01/19/2024","142.24","141.73","142.25","141.01","11.19M","0.30%"
"01/18/2024","141.82","143.00","143.19","139.62","11.19M","-0.91%"
"01/17/2024","143.12","142.42","144.02","142.04","8.17M","-0.40%"
"01/16/2024","143.69","146.51","146.58","143.58","9.38M","-2.43%"
"01/12/2024","147.27","147.83","148.50","146.17","9.39M","1.37%"
"01/11/2024","145.28","145.56","146.17","144.62","8.61M","0.54%"
"01/10/2024","144.50","146.02","146.02","144.11","8.49M","-0.82%"
"01/09/2024","145.70","149.95","149.95","145.59","11.78M","-2.54%"
"01/08/2024","149.50","148.42","149.70","146.58","10.04M","-0.60%"
"01/05/2024","150.40","151.98","152.03","149.83","7.46M","-0.17%"
"01/04/2024","150.66","153.66","154.35","150.59","8.22M","-1.10%"
"01/03/2024","152.33","149.39","153.19","148.68","10.26M","1.91%"
"01/02/2024","149.48","149.99","151.48","149.24","8.88M","0.21%"
"12/29/2023","149.16","150.03","150.23","148.67","7.66M","-0.41%"
"12/28/2023","149.77","151.18","152.02","149.40","8.15M","-1.41%"
"12/27/2023","151.91","152.27","152.97","151.34","5.34M","-0.33%"
"12/26/2023","152.41","152.07","153.01","151.90","5.17M","0.90%"
"12/22/2023","151.05","151.74","152.39","150.75","6.40M","0.23%"
"12/21/2023","150.71","150.78","150.80","149.22","7.26M","0.31%"
"12/20/2023","150.25","152.15","153.06","150.06","9.37M","-0.92%"
"12/19/2023","151.64","149.96","151.83","149.49","8.74M","1.31%"
"12/18/2023","149.68","150.83","152.12","149.32","11.56M","0.22%"
"12/15/2023","149.35","147.32","149.82","147.32","30.85M","-0.39%"
"12/14/2023","149.93","145.85","149.93","145.85","14.96M","3.68%"
"12/13/2023","144.61","142.17","144.68","141.65","10.64M","1.48%"
"12/12/2023","142.50","143.17","143.59","141.75","9.86M","-1.28%"
"12/11/2023","144.35","144.84","145.40","143.82","9.85M","0.03%"
"12/08/2023","144.31","143.51","144.67","143.12","10.82M","1.33%"
"12/07/2023","142.42","143.51","144.01","140.99","14.79M","-0.08%"
"12/06/2023","142.53","141.90","144.03","141.35","18.08M","-0.23%"
"12/05/2023","142.86","144.76","145.07","142.63","9.60M","-1.39%"
"12/04/2023","144.87","144.00","145.70","143.25","11.84M","0.04%"
"12/01/2023","144.81","143.49","146.51","142.60","11.91M","0.84%"
"11/30/2023","143.60","144.98","146.01","142.03","16.28M","-0.22%"
"11/29/2023","143.91","146.39","146.49","143.06","16.42M","-1.10%"
"11/28/2023","145.51","144.78","146.52","144.06","9.75M","0.80%"
"11/27/2023","144.36","144.65","144.82","142.85","9.85M","-0.37%"
"11/24/2023","144.90","144.30","145.94","144.20","3.86M","0.39%"
"11/22/2023","144.33","141.74","144.39","140.72","7.22M","0.20%"
"11/21/2023","144.04","143.83","144.30","142.70","6.78M","-0.24%"
"11/20/2023","144.38","144.63","145.69","144.27","8.06M","-0.06%"
"11/17/2023","144.46","142.95","145.18","142.40","11.08M","1.90%"
"11/16/2023","141.77","143.02","143.51","140.74","14.03M","-2.60%"
"11/15/2023","145.56","144.86","146.64","144.41","10.05M","0.35%"
"11/14/2023","145.05","144.48","145.50","143.86","11.22M","0.73%"
"11/13/2023","144.00","143.15","144.30","142.85","8.75M","0.73%"
"11/10/2023","142.95","143.29","143.44","141.73","11.99M","0.71%"
"11/09/2023","141.94","143.05","143.91","141.78","10.36M","-0.32%"
"11/08/2023","142.40","143.88","144.65","142.25","12.65M","-1.39%"
"11/07/2023","144.41","145.16","145.61","143.24","15.05M","-1.76%"
"11/06/2023","147.00","148.73","149.33","146.69","10.63M","-0.41%"
"11/03/2023","147.61","148.30","148.56","146.15","13.16M","-0.77%"
"11/02/2023","148.76","144.54","149.00","143.83","11.10M","3.32%"
"11/01/2023","143.98","145.98","146.01","143.82","10.82M","-1.20%"
"10/31/2023","145.73","146.10","146.52","144.23","14.26M","-0.25%"
"10/30/2023","146.09","145.66","146.44","144.32","13.86M","1.21%"
"10/27/2023","144.35","150.72","151.25","143.96","24.52M","-6.72%"
"10/26/2023","154.75","155.01","155.18","153.63","10.83M","-0.72%"
"10/25/2023","155.87","156.94","157.41","155.17","10.50M","-0.50%"
"10/24/2023","156.65","160.89","161.08","156.47","17.69M","-2.51%"
"10/23/2023","160.68","163.30","164.43","160.25","16.23M","-3.69%"
"10/20/2023","166.83","168.41","169.10","166.10","7.46M","-1.34%"
"10/19/2023","169.10","168.70","170.17","167.51","6.58M","0.11%"
"10/18/2023","168.92","168.47","169.70","167.58","6.89M","0.79%"
"10/17/2023","167.59","164.83","168.20","164.65","7.54M","1.32%"
"10/16/2023","165.40","165.34","165.81","163.85","5.45M","0.82%"
"10/13/2023","164.06","163.41","164.84","162.30","8.04M","1.76%"
"10/12/2023","161.23","163.26","163.26","160.90","7.40M","0.08%"
"10/11/2023","161.10","165.07","165.08","160.48","12.57M","-3.27%"
"10/10/2023","166.54","166.76","167.40","165.68","6.51M","-0.11%"
"10/09/2023","166.72","166.38","168.19","164.95","8.18M","2.77%"
"10/06/2023","162.23","164.31","164.37","158.99","10.19M","-1.02%"
"10/05/2023","163.90","161.42","164.75","161.39","8.07M","0.53%"
"10/04/2023","163.04","164.70","164.98","161.49","9.66M","-2.33%"
"10/03/2023","166.93","165.92","167.36","165.51","6.17M","0.23%"
"10/02/2023","166.54","168.34","168.57","165.23","6.84M","-1.23%"
"09/29/2023","168.62","170.49","170.50","167.82","7.40M","-1.15%"
"09/28/2023","170.59","170.55","171.70","169.43","7.15M","-0.26%"
"09/27/2023","171.04","169.37","171.23","168.81","9.12M","1.93%"
"09/26/2023","167.80","167.44","168.41","166.98","5.66M","-0.54%"
"09/25/2023","168.71","166.33","168.78","165.99","5.51M","1.46%"
"09/22/2023","166.28","166.23","167.42","165.94","5.97M","0.66%"
"09/21/2023","165.19","167.12","167.87","165.05","7.15M","-0.90%"
"09/20/2023","166.69","167.07","168.51","166.60","5.94M","-0.31%"
"09/19/2023","167.20","168.69","168.96","166.43","6.62M","-0.01%"
"09/18/2023","167.22","167.87","168.36","166.40","7.03M","0.43%"
"09/15/2023","166.50","166.21","168.37","165.88","17.44M","-0.44%"
"09/14/2023","167.23","167.70","168.50","167.12","8.82M","0.62%"
"09/13/2023","166.20","167.40","167.75","165.58","5.76M","-0.37%"
"09/12/2023","166.81","165.30","167.19","165.10","7.52M","1.86%"
"09/11/2023","163.76","168.08","168.59","162.87","7.16M","-2.06%"
"09/08/2023","167.21","167.42","168.49","166.71","7.44M","0.34%"
"09/07/2023","166.64","167.14","167.90","166.28","7.93M","0.01%"
"09/06/2023","166.63","166.28","167.44","165.58","7.20M","0.10%"
"09/05/2023","166.46","165.28","167.56","165.20","9.76M","1.31%"
"09/01/2023","164.30","162.64","164.69","162.64","6.66M","1.99%"
"08/31/2023","161.10","161.01","161.24","159.93","7.00M","0.57%"
"08/30/2023","160.18","160.59","161.25","159.93","5.53M","0.14%"
"08/29/2023","159.96","160.91","160.95","159.10","5.37M","-0.16%"
"08/28/2023","160.21","159.53","161.80","159.21","4.39M","0.69%"
"08/25/2023","159.12","159.07","159.91","157.65","5.29M","0.75%"
"08/24/2023","157.94","157.73","159.89","157.56","5.99M","-0.82%"
"08/23/2023","159.25","158.14","159.40","156.70","4.98M","0.13%"
"08/22/2023","159.04","160.49","161.25","158.97","6.08M","-0.82%"
"08/21/2023","160.36","161.20","162.07","159.45","6.80M","-0.34%"
"08/18/2023","160.90","158.38","161.32","158.16","6.00M","0.72%"
"08/17/2023","159.75","159.18","162.14","158.97","8.27M","0.71%"
"08/16/2023","158.63","160.52","161.83","158.47","7.92M","-0.38%"
"08/15/2023","159.24","163.40","163.41","159.10","7.88M","-2.92%"
"08/14/2023","164.03","163.77","164.25","162.61","6.06M","-0.07%"
"08/11/2023","164.15","160.50","164.17","160.18","6.68M","2.06%"
"08/10/2023","160.83","160.33","162.48","159.62","8.65M","0.61%"
"08/09/2023","159.86","160.86","161.44","159.31","10.53M","0.13%"
"08/08/2023","159.65","157.94","159.79","156.22","6.45M","-0.15%"
"08/07/2023","159.89","161.01","161.38","159.08","13.93M","0.36%"
"08/04/2023","159.31","160.66","163.02","159.04","10.19M","-0.23%"
"08/03/2023","159.67","159.91","161.70","158.85","6.68M","-0.04%"
"08/02/2023","159.73","161.17","161.22","158.06","7.07M","-1.58%"
"08/01/2023","162.30","163.64","163.64","160.55","7.53M","-0.83%"
"07/31/2023","163.66","161.13","163.98","160.62","13.06M","3.02%"
"07/28/2023","158.87","158.41","159.00","156.51","6.55M","-0.49%"
"07/27/2023","159.66","162.09","162.47","159.22","6.47M","-1.04%"
"07/26/2023","161.34","160.88","162.09","160.55","6.06M","-0.75%"
"07/25/2023","162.56","161.91","163.51","160.66","6.77M","0.46%"
"07/24/2023","161.82","160.47","164.04","160.01","9.72M","1.97%"
"07/21/2023","158.69","157.53","158.83","157.06","8.76M","1.46%"
"07/20/2023","156.40","156.16","157.19","155.71","5.87M","1.11%"
"07/19/2023","154.69","153.83","155.78","153.28","5.65M","0.61%"
"07/18/2023","153.75","152.67","156.07","152.37","6.80M","0.20%"
"07/17/2023","153.44","153.35","154.14","152.64","4.35M","-0.09%"
"07/14/2023","153.58","157.01","157.02","153.30","7.07M","-2.50%"
"07/13/2023","157.51","159.84","160.60","156.57","8.14M","-1.33%"
"07/12/2023","159.64","159.22","160.34","158.33","6.46M","0.96%"
"07/11/2023","158.12","156.00","158.40","155.66","5.06M","1.85%"
"07/10/2023","155.25","153.93","155.79","153.92","5.17M","0.67%"
"07/07/2023","154.22","152.14","155.99","151.96","6.60M","0.88%"
"07/06/2023","152.88","155.20","155.83","151.63","9.21M","-2.19%"
"07/05/2023","156.31","157.70","157.70","155.12","6.32M","-0.57%"
"07/03/2023","157.21","157.18","158.10","156.70","3.27M","-0.09%"
"06/30/2023","157.35","157.46","157.92","156.60","6.35M","0.71%"
"06/29/2023","156.24","155.43","156.27","154.44","5.63M","0.85%"
"06/28/2023","154.92","153.44","155.02","152.19","5.77M","0.91%"
"06/27/2023","153.53","153.50","154.71","152.82","6.58M","-0.31%"
"06/26/2023","154.01","151.62","154.97","151.54","7.37M","1.76%"
"06/23/2023","151.35","151.01","151.70","150.13","15.17M","-0.85%"
"06/22/2023","152.64","153.35","153.59","151.97","7.09M","-1.45%"
"06/21/2023","154.88","152.67","155.96","152.50","7.33M","0.78%"
"06/20/2023","153.68","156.15","156.57","152.24","10.44M","-2.28%"
"06/16/2023","157.26","158.57","159.24","157.26","22.88M","-0.64%"
"06/15/2023","158.28","157.32","159.79","157.32","7.71M","0.76%"
"06/14/2023","157.09","159.98","160.77","156.15","7.72M","-0.90%"
"06/13/2023","158.51","158.52","160.58","158.27","7.66M","0.75%"
"06/12/2023","157.33","157.06","159.33","156.23","7.16M","-0.96%"
"06/09/2023","158.86","159.28","160.39","158.62","6.67M","-0.24%"
"06/08/2023","159.24","160.16","160.49","157.09","7.14M","-0.37%"
"06/07/2023","159.83","156.55","160.21","156.50","9.90M","2.59%"
"06/06/2023","155.79","153.33","156.16","153.20","6.18M","0.18%"
"06/05/2023","155.51","158.45","158.45","155.24","7.21M","-0.48%"
"06/02/2023","156.26","154.58","156.75","153.61","9.46M","2.69%"
"06/01/2023","152.16","151.30","153.74","149.74","9.89M","1.02%"
"05/31/2023","150.62","151.54","152.42","150.36","13.35M","-1.63%"
"05/30/2023","153.12","151.67","153.26","151.21","7.81M","-0.62%"
"05/26/2023","154.08","155.29","155.63","153.46","7.74M","-0.31%"
"05/25/2023","154.56","154.68","155.63","153.50","7.04M","-1.72%"
"05/24/2023","157.27","157.95","158.57","156.29","7.06M","0.27%"
"05/23/2023","156.85","154.14","157.68","153.84","10.44M","2.89%"
"05/22/2023","152.44","153.79","154.83","152.09","11.66M","-1.80%"
"05/19/2023","155.23","154.89","156.44","153.99","8.10M","0.79%"
"05/18/2023","154.01","152.87","154.24","151.53","7.48M","-1.09%"
"05/17/2023","155.71","154.79","156.42","153.96","6.17M","1.43%"
"05/16/2023","153.51","156.48","157.02","153.33","7.01M","-2.35%"
"05/15/2023","157.20","157.23","158.16","156.23","5.10M","0.37%"
"05/12/2023","156.62","157.00","157.93","155.56","4.90M","0.26%"
"05/11/2023","156.22","155.38","156.32","153.89","6.67M","-0.55%"
"05/10/2023","157.09","160.44","160.44","155.88","6.16M","-1.28%"
"05/09/2023","159.12","158.11","160.41","157.91","5.02M","-0.29%"
"05/08/2023","159.58","161.57","162.30","159.52","5.03M","-0.39%"
"05/05/2023","160.21","159.30","161.12","158.78","5.80M","2.55%"
"05/04/2023","156.22","157.11","158.20","155.42","7.50M","-0.39%"
"05/03/2023","156.83","158.15","159.57","156.74","7.54M","-2.01%"
"05/02/2023","160.04","165.32","165.38","158.45","10.70M","-4.31%"
"05/01/2023","167.24","167.71","168.73","166.36","6.10M","-0.79%"
"04/28/2023","168.58","164.50","168.94","164.05","10.04M","0.98%"
"04/27/2023","166.95","166.43","167.39","165.07","6.42M","0.58%"
"04/26/2023","165.98","168.21","168.95","165.23","5.93M","-1.78%"
"04/25/2023","168.99","170.32","170.40","168.43","5.81M","-1.45%"
"04/24/2023","171.48","169.10","172.38","168.58","7.18M","1.40%"
"04/21/2023","169.12","169.83","170.59","168.84","7.18M","-0.43%"
"04/20/2023","169.85","168.76","170.06","168.02","5.85M","-0.49%"
"04/19/2023","170.68","169.46","170.74","169.10","5.51M","0.09%"
"04/18/2023","170.52","170.82","172.39","170.13","8.05M","-0.23%"
"04/17/2023","170.92","172.39","172.54","170.22","7.01M","-0.88%"
"04/14/2023","172.44","172.50","172.88","171.22","4.93M","0.20%"
"04/13/2023","172.09","170.25","172.47","169.82","6.86M","1.34%"
"04/12/2023","169.82","170.45","171.12","169.47","6.16M","0.35%"
"04/11/2023","169.22","169.07","170.34","168.07","5.47M","0.55%"
"04/10/2023","168.29","168.49","169.68","167.31","5.92M","0.38%"
"04/06/2023","167.65","169.35","169.41","167.13","5.80M","-1.31%"
"04/05/2023","169.88","169.26","170.44","167.74","6.48M","0.50%"
"04/04/2023","169.04","171.14","171.14","167.72","7.52M","-0.54%"
"04/03/2023","169.95","169.80","171.10","168.92","12.87M","4.16%"
"03/31/2023","163.16","162.70","163.72","162.15","7.04M","0.47%"
"03/30/2023","162.39","162.25","163.01","161.58","6.32M","0.95%"
"03/29/2023","160.86","160.62","161.32","159.33","7.57M","0.86%"
"03/28/2023","159.49","157.28","160.19","156.68","5.61M","1.17%"
"03/27/2023","157.65","157.40","158.48","155.69","7.01M","1.02%"
"03/24/2023","156.06","152.10","156.65","151.83","6.60M","1.00%"
"03/23/2023","154.52","157.02","158.76","153.14","7.86M","-0.99%"
"03/22/2023","156.07","159.87","160.06","155.93","6.31M","-2.03%"
"03/21/2023","159.31","157.16","159.57","156.47","9.75M","3.06%"
"03/20/2023","154.58","151.74","155.78","151.29","8.46M","1.47%"
"03/17/2023","152.34","153.62","155.38","150.60","33.16M","-1.26%"
"03/16/2023","154.29","150.16","155.46","149.91","12.85M","0.32%"
"03/15/2023","153.80","155.59","157.95","152.01","14.06M","-4.33%"
"03/14/2023","160.76","158.26","164.02","157.88","10.04M","1.29%"
"03/13/2023","158.71","156.44","160.95","153.80","10.11M","-0.60%"
"03/10/2023","159.67","160.94","164.67","158.67","7.39M","-0.52%"
"03/09/2023","160.51","163.79","165.49","160.19","6.21M","-1.52%"
"03/08/2023","162.99","163.23","165.29","161.38","5.44M","-0.63%"
"03/07/2023","164.03","165.70","166.60","163.58","7.39M","-1.29%"
"03/06/2023","166.17","164.34","166.80","163.81","7.70M","0.73%"
"03/03/2023","164.96","160.87","165.58","160.42","6.01M","1.48%"
"03/02/2023","162.56","161.98","163.49","161.59","5.58M","0.31%"
"03/01/2023","162.05","160.92","163.59","160.59","7.47M","0.80%"
"02/28/2023","160.77","164.32","164.32","160.28","10.85M","-1.26%"
"02/27/2023","162.82","163.01","163.37","161.92","6.39M","0.25%"
"02/24/2023","162.41","160.77","162.60","159.15","5.33M","0.30%"
"02/23/2023","161.93","162.25","162.84","160.56","6.45M","0.99%"
"02/22/2023","160.35","160.28","161.66","158.91","6.21M","-0.40%"
"02/21/2023","161.00","162.18","163.75","160.70","7.26M","-1.14%"
"02/17/2023","162.85","164.73","164.84","161.85","9.61M","-2.23%"
"02/16/2023","166.57","168.19","168.66","166.40","6.73M","-1.44%"
"02/15/2023","169.01","169.40","169.52","167.50","8.89M","-1.92%"
"02/14/2023","172.32","170.48","173.51","169.98","8.08M","0.77%"
"02/13/2023","171.01","171.32","171.90","169.77","9.44M","-0.56%"
"02/10/2023","171.97","170.80","172.73","170.78","11.60M","2.10%"
"02/09/2023","168.44","170.23","170.66","168.00","10.12M","-0.92%"
"02/08/2023","170.00","172.48","174.07","169.46","9.78M","-2.35%"
"02/07/2023","174.09","170.07","174.39","169.61","10.26M","2.62%"
"02/06/2023","169.64","169.56","170.12","167.37","7.66M","0.11%"
"02/03/2023","169.45","169.86","171.55","168.49","8.40M","0.26%"
"02/02/2023","169.01","171.13","171.43","166.82","10.46M","-1.37%"
"02/01/2023","171.36","173.31","173.66","169.54","11.53M","-1.53%"
"01/31/2023","174.02","172.75","174.63","171.42","14.48M","-0.10%"
"01/30/2023","174.20","178.00","178.34","173.67","11.48M","-2.93%"
"01/27/2023","179.45","184.23","184.23","177.91","19.65M","-4.44%"
"01/26/2023","187.79","184.99","187.81","183.48","14.31M","4.86%"
"01/25/2023","179.08","179.29","180.03","176.35","6.73M","-0.97%"
"01/24/2023","180.83","181.09","182.00","178.70","5.99M","0.09%"
"01/23/2023","180.66","181.21","182.55","180.03","8.38M","-0.13%"
"01/20/2023","180.90","178.81","181.36","177.52","10.48M","1.06%"
"01/19/2023","179.00","176.61","179.95","176.16","5.91M","1.00%"
"01/18/2023","177.23","180.82","182.38","176.94","8.90M","-1.81%"
"01/17/2023","180.49","178.44","181.32","178.18","10.70M","1.65%"
"01/13/2023","177.56","177.09","177.99","175.68","5.73M","0.27%"
"01/12/2023","177.08","175.99","178.37","175.90","6.89M","1.07%"
"01/11/2023","175.20","177.89","178.14","174.30","6.96M","-0.48%"
"01/10/2023","176.04","176.40","176.71","173.72","8.31M","0.49%"
"01/09/2023","175.18","178.26","178.33","174.38","8.39M","-0.78%"
"01/06/2023","176.56","177.02","179.39","175.70","7.19M","0.75%"
"01/05/2023","175.24","171.50","176.19","171.24","6.09M","1.80%"
"01/04/2023","172.14","170.95","174.29","170.85","7.68M","-1.06%"
"01/03/2023","173.99","178.04","179.00","171.51","7.57M","-3.06%"
"12/30/2022","179.49","178.03","179.95","177.70","5.01M","0.66%"
"12/29/2022","178.32","176.65","179.20","176.65","4.14M","0.76%"
"12/28/2022","176.98","178.86","179.30","175.93","4.49M","-1.48%"
"12/27/2022","179.63","178.36","180.23","177.40","5.17M","1.26%"
"12/23/2022","177.40","174.10","177.58","173.69","6.08M","3.09%"
"12/22/2022","172.08","175.16","175.21","168.33","5.76M","-1.50%"
"12/21/2022","174.70","175.19","175.96","173.16","5.48M","1.18%"
"12/20/2022","172.67","169.81","173.29","169.60","6.20M","1.64%"
"12/19/2022","169.88","170.11","170.82","168.25","7.13M","0.69%"
"12/16/2022","168.72","168.53","170.15","167.10","23.88M","-1.36%"
"12/15/2022","171.04","170.60","171.37","168.05","7.27M","-0.75%"
"12/14/2022","172.33","174.49","174.92","171.26","7.05M","-0.69%"
"12/13/2022","173.53","173.57","174.46","172.48","7.84M","2.23%"
"12/12/2022","169.75","168.93","170.52","167.71","9.36M","1.04%"
"12/09/2022","168.00","172.30","173.19","167.93","10.75M","-3.19%"
"12/08/2022","173.54","176.25","176.40","172.03","8.08M","0.59%"
"12/07/2022","172.52","171.06","174.58","170.85","6.94M","0.30%"
"12/06/2022","172.01","175.51","178.06","171.12","8.76M","-2.58%"
"12/05/2022","176.56","182.67","182.95","174.63","8.16M","-2.47%"
"12/02/2022","181.03","181.53","183.63","179.93","6.85M","-0.80%"
"12/01/2022","182.49","184.26","184.55","181.44","5.22M","-0.45%"
"11/30/2022","183.31","182.85","183.34","179.62","10.94M","1.26%"
"11/29/2022","181.03","180.26","181.85","179.65","6.99M","1.50%"
"11/28/2022","178.36","180.28","181.47","177.96","9.37M","-2.91%"
"11/25/2022","183.70","184.89","185.30","183.31","2.80M","-0.29%"
"11/23/2022","184.24","183.21","185.15","182.58","5.83M","-0.89%"
"11/22/2022","185.89","183.75","186.56","183.08","9.02M","2.57%"
"11/21/2022","181.24","179.73","181.70","175.82","8.43M","-0.96%"
"11/18/2022","182.99","180.96","183.41","179.65","7.66M","-0.60%"
"11/17/2022","184.09","181.51","184.23","180.27","6.55M","-0.49%"
"11/16/2022","184.99","186.54","187.82","183.68","7.94M","-1.63%"
"11/15/2022","188.05","187.12","188.43","185.27","7.75M","0.80%"
"11/14/2022","186.55","186.31","189.68","186.18","9.72M","0.05%"
"11/11/2022","186.46","184.05","187.10","183.89","8.43M","2.85%"
"11/10/2022","181.30","182.23","182.33","178.04","6.98M","1.89%"
"11/09/2022","177.93","183.61","183.81","177.22","8.02M","-4.00%"
"11/08/2022","185.34","185.32","186.25","183.86","6.31M","-0.15%"
"11/07/2022","185.61","182.50","186.38","182.11","7.58M","1.19%"
"11/04/2022","183.42","184.84","185.40","180.60","7.49M","1.26%"
"11/03/2022","181.13","177.97","182.19","177.41","6.61M","1.47%"
"11/02/2022","178.50","180.93","182.90","178.27","8.10M","-2.04%"
"11/01/2022","182.22","183.87","184.50","181.90","9.19M","0.73%"
"10/31/2022","180.90","178.06","183.84","178.06","13.28M","0.51%"
"10/28/2022","179.98","181.47","182.86","176.53","10.77M","1.17%"
"10/27/2022","177.90","179.89","181.40","177.48","9.18M","0.46%"
"10/26/2022","177.09","175.32","178.48","175.17","6.87M","1.23%"
"10/25/2022","174.93","173.06","175.00","172.17","7.28M","1.04%"
"10/24/2022","173.13","172.08","174.67","171.61","7.01M","-0.03%"
"10/21/2022","173.19","169.15","173.84","168.85","7.97M","2.50%"
"10/20/2022","168.96","169.30","171.82","167.94","8.87M","0.57%"
"10/19/2022","168.00","163.59","169.21","163.59","9.77M","3.24%"
"10/18/2022","162.72","162.36","163.31","158.96","5.63M","0.87%"
"10/17/2022","161.31","163.29","164.91","161.10","5.89M","0.73%"
"10/14/2022","160.14","164.04","165.46","159.93","7.33M","-3.11%"
"10/13/2022","165.28","156.35","165.99","156.35","10.23M","4.85%"
"10/12/2022","157.64","156.14","158.81","155.52","4.94M","0.30%"
"10/11/2022","157.17","154.75","159.93","154.11","7.53M","0.02%"
"10/10/2022","157.14","161.00","161.47","156.44","5.90M","-1.81%"
"10/07/2022","160.03","162.51","163.93","159.06","9.97M","-0.86%"
"10/06/2022","161.42","157.34","161.94","157.20","9.50M","1.82%"
"10/05/2022","158.53","155.84","159.73","154.80","10.63M","0.57%"
"10/04/2022","157.63","154.43","157.88","153.63","9.52M","3.89%"
"10/03/2022","151.73","148.97","152.34","148.30","9.60M","5.61%"
"09/30/2022","143.67","144.03","145.13","142.49","9.40M","-0.76%"
"09/29/2022","144.77","144.51","145.41","142.27","8.20M","-0.69%"
"09/28/2022","145.78","142.08","146.44","141.40","8.28M","3.38%"
"09/27/2022","141.02","142.29","143.77","140.46","10.12M","0.04%"
"09/26/2022","140.96","143.57","145.05","140.89","9.44M","-2.63%"
"09/23/2022","144.77","149.75","150.18","143.66","13.92M","-6.53%"
"09/22/2022","154.89","157.60","158.28","154.74","6.98M","-0.08%"
"09/21/2022","155.01","158.31","158.78","154.95","6.88M","-0.81%"
"09/20/2022","156.28","156.04","156.85","154.34","8.96M","-0.40%"
"09/19/2022","156.90","152.93","156.95","152.80","6.81M","0.29%"
"09/16/2022","156.45","160.52","161.14","155.61","43.74M","-2.60%"
"09/15/2022","160.62","160.68","161.69","159.58","9.66M","-1.62%"
"09/14/2022","163.27","160.94","163.57","160.34","11.16M","2.42%"
"09/13/2022","159.41","161.41","162.66","158.74","10.31M","-1.90%"
"09/12/2022","162.50","162.81","164.53","161.25","8.92M","1.58%"
"09/09/2022","159.97","158.41","160.65","157.53","8.26M","2.58%"
"09/08/2022","155.95","155.59","156.38","153.38","9.23M","0.54%"
"09/07/2022","155.11","154.06","155.82","152.62","9.44M","-1.28%"
"09/06/2022","157.12","159.89","159.99","155.71","8.55M","-0.46%"
"09/02/2022","157.85","158.24","159.12","156.72","7.53M","1.49%"
"09/01/2022","155.54","156.48","156.88","153.23","8.24M","-1.59%"
"08/31/2022","158.06","157.61","161.41","156.15","13.58M","-1.59%"
"08/30/2022","160.62","162.32","162.56","158.76","8.81M","-2.44%"
"08/29/2022","164.63","163.89","166.83","163.64","8.46M","0.75%"
"08/26/2022","163.41","164.18","166.13","162.46","7.77M","-0.74%"
"08/25/2022","164.62","163.92","164.90","162.61","8.05M","0.88%"
"08/24/2022","163.19","161.66","163.35","160.67","9.47M","0.74%"
"08/23/2022","161.99","159.10","162.34","158.71","10.35M","3.24%"
"08/22/2022","156.90","156.69","157.74","154.42","9.15M","-0.50%"
"08/19/2022","157.69","158.46","159.74","157.62","6.83M","-0.84%"
"08/18/2022","159.02","157.15","159.66","157.09","6.48M","0.84%"
"08/17/2022","157.70","156.63","159.34","155.51","6.74M","0.82%"
"08/16/2022","156.41","157.41","157.92","155.82","7.22M","-0.26%"
"08/15/2022","156.81","155.18","157.79","153.44","8.98M","-1.90%"
"08/12/2022","159.85","158.25","159.91","157.14","7.24M","0.14%"
"08/11/2022","159.62","158.11","161.16","157.62","7.89M","2.44%"
"08/10/2022","155.82","156.00","156.47","152.93","6.15M","0.26%"
"08/09/2022","155.41","155.94","157.80","154.60","5.84M","1.30%"
"08/08/2022","153.41","153.59","154.98","153.15","5.97M","-0.15%"
"08/05/2022","153.64","149.64","155.01","149.02","7.17M","1.65%"
"08/04/2022","151.14","155.32","155.44","150.72","10.64M","-2.72%"
"08/03/2022","155.36","159.31","159.96","154.35","8.75M","-2.38%"
"08/02/2022","159.14","160.89","161.47","158.30","5.93M","-0.85%"
"08/01/2022","160.51","161.18","161.86","159.15","8.02M","-2.00%"
"07/29/2022","163.78","156.54","164.66","155.90","17.14M","8.90%"
"07/28/2022","150.39","150.69","151.47","148.03","6.57M","0.76%"
"07/27/2022","149.26","148.34","150.20","146.66","6.22M","1.32%"
"07/26/2022","147.32","149.50","150.68","146.53","6.11M","-0.78%"
"07/25/2022","148.48","145.70","148.61","144.18","6.21M","2.98%"
"07/22/2022","144.19","145.56","146.30","143.42","5.89M","-0.83%"
"07/21/2022","145.40","143.12","145.47","141.50","6.72M","-0.76%"
"07/20/2022","146.52","144.50","147.26","143.32","7.86M","1.32%"
"07/19/2022","144.61","139.69","145.01","139.42","9.15M","3.60%"
"07/18/2022","139.58","140.56","142.14","139.08","7.94M","1.40%"
"07/15/2022","137.65","138.96","138.96","136.43","7.05M","1.26%"
"07/14/2022","135.94","134.31","136.16","132.54","10.15M","-1.49%"
"07/13/2022","137.99","137.61","140.72","137.14","9.41M","-0.67%"
"07/12/2022","138.92","138.50","139.62","137.26","8.65M","-1.83%"
"07/11/2022","141.51","141.91","142.85","139.93","7.06M","-0.88%"
"07/08/2022","142.77","144.88","145.45","141.09","7.92M","-0.52%"
"07/07/2022","143.52","144.10","145.30","143.08","12.74M","1.95%"
"07/06/2022","140.78","141.66","143.26","136.80","12.42M","-1.32%"
"07/05/2022","142.66","143.65","144.54","139.41","11.52M","-2.63%"
"07/01/2022","146.51","146.60","146.96","142.47","7.68M","1.19%"
"06/30/2022","144.78","144.55","147.92","143.41","10.68M","-1.50%"
"06/29/2022","146.98","151.63","152.11","146.09","9.08M","-1.97%"
"06/28/2022","149.94","150.88","152.19","148.11","9.19M","1.61%"
"06/27/2022","147.57","145.86","148.82","145.60","9.24M","1.93%"
"06/24/2022","144.77","145.20","147.09","142.60","11.11M","1.64%"
"06/23/2022","142.43","148.79","149.23","140.15","15.71M","-3.68%"
"06/22/2022","147.87","148.07","150.80","146.33","13.75M","-4.35%"
"06/21/2022","154.59","152.05","156.02","151.44","13.77M","4.19%"
"06/17/2022","148.38","154.88","155.47","145.79","35.58M","-4.57%"
"06/16/2022","155.48","159.94","160.54","153.75","18.13M","-5.35%"
"06/15/2022","164.26","166.78","167.85","161.94","11.57M","-1.96%"
"06/14/2022","167.55","169.37","172.29","165.84","10.27M","0.13%"
"06/13/2022","167.33","171.61","172.00","164.06","14.61M","-4.60%"
"06/10/2022","175.40","176.37","178.57","173.65","9.53M","-1.19%"
"06/09/2022","177.52","180.03","180.64","177.39","9.77M","-1.99%"
"06/08/2022","181.13","180.95","182.40","180.25","8.72M","0.52%"
"06/07/2022","180.20","177.47","180.66","176.92","9.67M","1.91%"
"06/06/2022","176.83","177.90","178.00","175.51","6.73M","-0.43%"
"06/03/2022","177.60","176.00","178.25","176.00","8.44M","0.91%"
"06/02/2022","176.00","174.74","176.51","174.10","7.44M","-0.18%"
"06/01/2022","176.32","176.73","178.13","174.94","8.82M","0.95%"
"05/31/2022","174.66","179.96","180.96","173.47","20.55M","-2.03%"
"05/27/2022","178.28","176.52","178.35","175.69","10.51M","0.96%"
"05/26/2022","176.59","176.49","177.93","175.01","11.21M","0.67%"
"05/25/2022","175.41","173.14","175.99","172.97","10.17M","1.60%"
"05/24/2022","172.64","170.69","173.58","169.81","9.78M","0.54%"
"05/23/2022","171.72","169.43","172.96","169.11","10.22M","2.32%"
"05/20/2022","167.82","168.88","171.04","164.09","9.62M","0.58%"
"05/19/2022","166.86","164.63","169.63","162.83","10.96M","-0.71%"
"05/18/2022","168.06","174.12","174.13","165.79","13.11M","-3.43%"
"05/17/2022","174.03","174.84","175.65","172.61","12.83M","0.59%"
"05/16/2022","173.01","169.00","174.97","168.85","13.30M","3.06%"
"05/13/2022","167.87","166.50","168.79","164.88","9.23M","1.92%"
"05/12/2022","164.71","163.22","164.85","158.86","8.94M","0.95%"
"05/11/2022","163.16","163.58","167.46","162.51","9.11M","1.48%"
"05/10/2022","160.78","162.21","164.19","157.87","11.64M","0.96%"
"05/09/2022","159.25","167.75","167.75","158.47","14.11M","-6.70%"
"05/06/2022","170.69","168.27","170.97","165.42","10.42M","2.66%"
"05/05/2022","166.26","169.26","169.50","162.65","9.81M","-0.79%"
"05/04/2022","167.59","164.97","167.89","163.47","9.18M","3.14%"
"05/03/2022","162.49","159.57","163.43","159.26","8.83M","1.72%"
"05/02/2022","159.75","156.31","160.00","155.15","11.56M","1.97%"
"04/29/2022","156.67","161.28","162.44","156.29","14.71M","-3.16%"
"04/28/2022","161.79","157.45","163.00","154.93","9.37M","3.55%"
"04/27/2022","156.24","157.08","157.92","154.52","10.40M","-0.19%"
"04/26/2022","156.53","158.82","160.37","156.39","9.81M","-0.61%"
"04/25/2022","157.49","155.73","158.36","151.36","15.45M","-2.15%"
"04/22/2022","160.95","164.38","165.47","160.86","12.16M","-2.21%"
"04/21/2022","164.58","171.74","172.44","163.83","14.59M","-4.61%"
"04/20/2022","172.53","171.62","173.58","171.46","7.49M","0.41%"
"04/19/2022","171.83","173.08","173.69","171.03","6.97M","-1.18%"
"04/18/2022","173.89","173.00","174.54","171.87","7.64M","1.34%"
"04/14/2022","171.59","170.69","172.94","170.56","9.42M","-0.05%"
"04/13/2022","171.67","170.93","172.08","168.29","7.33M","1.57%"
"04/12/2022","169.01","168.97","172.68","168.15","9.53M","2.08%"
"04/11/2022","165.56","168.57","168.78","164.91","10.21M","-2.57%"
"04/08/2022","169.93","167.05","171.09","167.02","10.80M","1.69%"
"04/07/2022","167.10","165.10","167.70","163.42","8.02M","1.39%"
"04/06/2022","164.81","164.83","167.01","164.33","9.27M","0.89%"
"04/05/2022","163.36","165.03","167.72","163.10","9.54M","-0.61%"
"04/04/2022","164.37","165.00","165.45","163.00","8.72M","0.09%"
"04/01/2022","164.22","162.78","165.95","162.33","8.80M","0.85%"
"03/31/2022","162.83","163.47","166.16","162.72","10.40M","-1.60%"
"03/30/2022","165.48","165.24","166.35","163.66","9.91M","0.71%"
"03/29/2022","164.32","163.51","164.48","160.50","15.10M","-1.22%"
"03/28/2022","166.35","165.90","166.63","165.13","9.99M","-1.75%"
"03/25/2022","169.31","165.22","169.69","165.16","10.26M","1.81%"
"03/24/2022","166.30","166.43","167.40","165.00","9.02M","0.27%"
"03/23/2022","165.86","166.00","167.35","164.94","10.75M","1.08%"
"03/22/2022","164.09","163.69","165.26","162.58","11.06M","-0.33%"
"03/21/2022","164.64","163.02","165.58","162.72","13.18M","1.80%"
"03/18/2022","161.73","160.89","161.73","158.78","23.21M","0.80%"
"03/17/2022","160.44","159.95","160.99","157.92","15.75M","1.73%"
"03/16/2022","157.71","158.79","160.50","156.21","22.30M","-0.36%"
"03/15/2022","158.28","159.11","160.19","155.26","28.53M","-5.06%"
"03/14/2022","166.72","166.21","168.35","164.30","25.16M","-2.45%"
"03/11/2022","170.90","165.89","172.98","165.88","28.42M","0.05%"
"03/10/2022","170.82","168.74","174.76","168.29","34.91M","2.74%"
"03/09/2022","166.27","162.77","169.77","161.21","43.43M","-2.50%"
"03/08/2022","170.53","164.31","174.00","164.10","57.23M","5.24%"
"03/07/2022","162.04","159.90","162.10","155.72","34.82M","2.14%"
"03/04/2022","158.65","155.79","159.95","155.09","29.05M","1.56%"
"03/03/2022","156.22","152.26","157.12","151.75","22.49M","1.35%"
"03/02/2022","154.14","150.20","155.75","150.05","31.33M","2.95%"
"03/01/2022","149.72","145.01","149.96","144.70","31.16M","3.97%"
"02/28/2022","144.00","139.27","144.00","138.65","24.39M","2.58%"
"02/25/2022","140.38","135.96","140.50","135.43","28.03M","4.10%"
"02/24/2022","134.85","137.93","138.23","131.72","22.11M","-0.52%"
"02/23/2022","135.55","132.93","136.08","132.56","16.13M","2.38%"
"02/22/2022","132.40","137.00","137.00","130.52","19.43M","-0.76%"
"02/18/2022","133.42","132.82","133.91","132.05","10.69M","-0.14%"
"02/17/2022","133.61","134.17","134.58","132.45","10.07M","-0.51%"
"02/16/2022","134.30","134.94","136.16","133.76","11.35M","0.03%"
"02/15/2022","134.26","133.08","134.84","132.18","11.75M","-1.76%"
"02/14/2022","136.67","137.94","138.05","135.05","15.94M","-1.54%"
"02/11/2022","138.81","136.86","139.44","136.28","12.82M","2.04%"
"02/10/2022","136.04","137.56","138.79","135.39","11.01M","-1.27%"
"02/09/2022","137.79","136.72","138.34","136.10","10.14M","0.99%"
"02/08/2022","136.44","138.18","138.43","135.01","11.02M","-1.52%"
"02/07/2022","138.55","135.34","139.43","134.83","18.42M","1.96%"
"02/04/2022","135.88","135.01","137.00","135.01","13.03M","1.25%"
"02/03/2022","134.20","134.85","135.35","133.19","9.45M","-0.89%"
"02/02/2022","135.41","134.35","135.80","132.80","10.91M","0.46%"
"02/01/2022","134.79","130.83","135.74","130.51","16.17M","2.63%"
"01/31/2022","131.33","130.19","131.86","129.33","16.40M","0.55%"
"01/28/2022","130.61","130.00","132.06","128.07","24.82M","-3.52%"
"01/27/2022","135.37","134.45","137.00","133.59","20.65M","2.02%"
"01/26/2022","132.69","132.90","134.71","131.59","17.27M","0.08%"
"01/25/2022","132.59","127.12","132.74","125.27","19.98M","4.25%"
"01/24/2022","127.18","124.45","127.73","122.84","19.53M","0.21%"
"01/21/2022","126.91","127.76","128.40","126.23","13.06M","-1.20%"
"01/20/2022","128.45","128.27","130.86","127.88","11.37M","-0.36%"
"01/19/2022","128.91","129.95","130.15","128.54","12.06M","-0.36%"
"01/18/2022","129.38","129.69","130.00","127.87","12.91M","0.33%"
"01/14/2022","128.96","126.76","129.20","126.76","13.28M","1.70%"
"01/13/2022","126.80","127.14","128.10","126.45","9.69M","-0.42%"
"01/12/2022","127.33","127.99","128.43","126.47","12.47M","-0.50%"
"01/11/2022","127.97","125.86","128.00","124.83","14.61M","2.29%"
"01/10/2022","125.11","125.15","125.69","123.86","12.63M","0.06%"
"01/07/2022","125.03","123.55","125.54","122.95","14.16M","1.44%"
"01/06/2022","123.26","123.62","124.32","121.64","13.32M","0.85%"
"01/05/2022","122.22","122.24","123.84","122.07","15.49M","0.65%"
"01/04/2022","121.43","119.95","121.98","119.66","16.41M","1.82%"
"01/03/2022","119.26","117.42","119.69","117.29","10.72M","1.63%"
"12/31/2021","117.35","117.38","118.09","117.13","5.71M","-0.07%"
"12/30/2021","117.43","118.13","118.69","117.34","6.02M","-0.44%"
"12/29/2021","117.95","118.08","118.65","117.29","6.96M","-0.51%"
"12/28/2021","118.56","118.66","119.34","118.03","6.52M","-0.19%"
"12/27/2021","118.79","116.07","118.82","115.41","7.75M","2.04%"
"12/23/2021","116.41","116.51","117.92","116.40","7.42M","0.24%"
"12/22/2021","116.13","115.42","116.68","114.41","8.35M","0.57%"
"12/21/2021","115.47","114.43","116.07","114.29","11.37M","1.60%"
"12/20/2021","113.65","111.86","113.71","110.73","13.46M","0.04%"
"12/17/2021","113.60","115.92","116.46","113.53","22.77M","-2.61%"
"12/16/2021","116.64","116.19","118.19","115.92","11.34M","0.93%"
"12/15/2021","115.56","116.32","116.32","113.95","11.07M","-0.57%"
"12/14/2021","116.22","115.74","116.92","115.47","12.25M","0.29%"
"12/13/2021","115.88","117.46","117.85","115.61","8.53M","-2.08%"
"12/10/2021","118.34","118.93","119.20","116.87","9.09M","0.17%"
"12/09/2021","118.14","117.85","118.60","117.58","8.33M","-0.26%"
"12/08/2021","118.45","118.39","119.26","117.66","8.83M","0.45%"
"12/07/2021","117.92","117.23","118.66","117.23","11.42M","1.48%"
"12/06/2021","116.20","115.96","117.45","115.05","9.83M","1.56%"
"12/03/2021","114.41","116.74","117.00","113.58","10.45M","-0.63%"
"12/02/2021","115.14","113.25","115.70","111.93","11.39M","2.71%"
"12/01/2021","112.10","114.95","116.06","112.09","12.31M","-0.68%"
"11/30/2021","112.87","113.45","115.86","112.44","24.45M","-1.72%"
"11/29/2021","114.85","116.34","117.17","114.71","12.00M","0.30%"
"11/26/2021","114.51","113.35","114.83","112.63","11.86M","-2.29%"
"11/24/2021","117.19","116.81","118.00","116.68","8.50M","0.77%"
"11/23/2021","116.30","115.19","116.84","115.06","10.38M","2.10%"
"11/22/2021","113.91","112.02","115.19","111.85","9.95M","1.79%"
"11/19/2021","111.91","112.51","113.15","111.10","13.54M","-2.22%"
"11/18/2021","114.45","114.85","115.38","113.41","8.37M","-0.84%"
"11/17/2021","115.42","114.87","116.53","114.66","11.11M","-1.59%"
"11/16/2021","117.28","117.11","118.08","116.86","10.57M","0.39%"
"11/15/2021","116.82","114.95","116.95","114.27","11.05M","2.27%"
"11/12/2021","114.23","113.80","114.31","113.59","8.68M","0.06%"
"11/11/2021","114.16","113.60","114.67","113.57","7.32M","0.01%"
"11/10/2021","114.15","115.76","116.21","113.66","10.31M","-1.59%"
"11/09/2021","116.00","115.27","116.12","114.46","10.95M","0.74%"
"11/08/2021","115.15","115.09","115.99","114.69","7.70M","0.36%"
"11/05/2021","114.74","114.27","115.05","113.93","8.10M","1.08%"
"11/04/2021","113.51","114.22","114.26","112.91","9.67M","0.44%"
"11/03/2021","113.01","112.27","113.27","111.97","10.42M","-0.72%"
"11/02/2021","113.83","114.18","114.19","113.21","9.19M","-0.61%"
"11/01/2021","114.53","115.03","115.09","114.05","11.21M","0.03%"
"10/29/2021","114.49","114.83","115.29","113.15","15.29M","1.21%"
"10/28/2021","113.12","111.58","113.27","111.58","7.54M","0.94%"
"10/27/2021","112.07","113.22","113.58","111.65","9.10M","-1.78%"
"10/26/2021","114.10","113.98","114.60","113.51","7.46M","0.22%"
"10/25/2021","113.85","113.53","114.35","113.30","9.58M","0.93%"
"10/22/2021","112.80","112.22","112.88","111.45","8.67M","0.95%"
"10/21/2021","111.74","112.71","112.81","110.87","9.37M","-1.25%"
"10/20/2021","113.16","111.09","113.17","110.78","10.81M","1.31%"
"10/19/2021","111.70","110.16","111.70","109.80","10.36M","1.95%"
"10/18/2021","109.56","110.22","110.41","108.95","10.68M","-0.05%"
"10/15/2021","109.61","109.77","110.03","109.43","9.97M","0.74%"
"10/14/2021","108.81","108.88","109.16","108.11","7.65M","0.95%"
"10/13/2021","107.79","106.77","108.34","106.48","9.22M","0.60%"
"10/12/2021","107.15","106.99","107.58","106.17","9.09M","0.02%"
"10/11/2021","107.13","109.56","109.63","106.92","9.79M","-0.85%"
"10/08/2021","108.05","106.81","108.43","106.60","10.59M","2.24%"
"10/07/2021","105.68","105.61","106.30","105.22","8.83M","0.71%"
"10/06/2021","104.93","104.18","105.34","103.58","10.63M","-0.88%"
"10/05/2021","105.86","106.04","107.77","105.42","13.02M","1.09%"
"10/04/2021","104.72","105.00","105.86","104.11","13.31M","0.37%"
"10/01/2021","104.33","102.22","104.54","101.88","10.85M","2.84%"
"09/30/2021","101.45","103.42","103.45","101.45","15.32M","-1.82%"
"09/29/2021","103.33","103.21","104.24","102.34","10.27M","-0.03%"
"09/28/2021","103.36","103.91","104.89","102.88","15.56M","0.38%"
"09/27/2021","102.97","102.59","103.78","102.59","12.70M","2.36%"
"09/24/2021","100.60","99.65","100.97","99.65","8.23M","0.54%"
"09/23/2021","100.06","98.24","100.27","97.75","10.09M","2.48%"
"09/22/2021","97.64","96.24","98.78","96.24","13.29M","2.94%"
"09/21/2021","94.85","95.57","95.89","94.03","10.96M","0.07%"
"09/20/2021","94.78","94.64","95.25","93.31","15.80M","-2.05%"
"09/17/2021","96.76","97.11","98.38","96.37","16.01M","-0.58%"
"09/16/2021","97.32","98.32","98.59","96.91","10.62M","-0.94%"
"09/15/2021","98.24","96.99","98.53","96.99","11.62M","2.12%"
"09/14/2021","96.20","98.38","98.74","95.98","15.29M","-1.81%"
"09/13/2021","97.97","97.21","98.71","97.06","11.50M","1.98%"
"09/10/2021","96.07","97.60","97.70","95.89","11.01M","0.07%"
"09/09/2021","96.00","95.89","97.62","95.35","10.22M","-0.40%"
"09/08/2021","96.39","97.50","98.47","96.35","10.78M","-0.69%"
"09/07/2021","97.06","97.02","97.97","96.74","9.24M","-0.44%"
"09/03/2021","97.49","97.40","98.43","97.38","9.10M","-0.23%"
"09/02/2021","97.71","96.64","98.39","96.55","12.34M","2.09%"
"09/01/2021","95.71","96.86","97.07","95.47","10.56M","-1.10%"
"08/31/2021","96.77","98.14","98.41","96.64","15.68M","-1.65%"
"08/30/2021","98.39","99.09","99.31","97.97","8.13M","-0.25%"
"08/27/2021","98.64","98.14","99.46","98.05","10.28M","1.46%"
"08/26/2021","97.22","98.11","98.73","97.20","8.12M","-1.31%"
"08/25/2021","98.51","97.22","98.72","96.72","9.34M","0.68%"
"08/24/2021","97.84","97.50","98.61","97.39","8.92M","1.15%"
"08/23/2021","96.73","96.09","97.00","96.06","10.28M","2.58%"
"08/20/2021","94.30","93.52","94.88","93.21","9.71M","0.01%"
"08/19/2021","94.29","94.81","95.31","92.86","17.42M","-2.49%"
"08/18/2021","96.70","98.69","99.42","96.55","12.89M","-4.00%"
"08/17/2021","100.73","100.20","101.68","99.63","10.94M","-0.19%"
"08/16/2021","100.92","100.83","101.20","99.91","9.48M","-1.02%"
"08/13/2021","101.96","102.23","102.54","101.64","6.57M","-0.66%"
"08/12/2021","102.64","102.86","103.25","101.78","7.38M","-0.20%"
"08/11/2021","102.85","102.04","102.97","101.60","7.08M","0.75%"
"08/10/2021","102.08","100.74","102.32","100.58","9.76M","1.83%"
"08/09/2021","100.25","100.91","101.38","99.93","9.24M","-1.67%"
"08/06/2021","101.95","102.02","102.58","101.60","6.48M","0.71%"
"08/05/2021","101.23","100.94","102.43","100.67","7.99M","0.93%"
"08/04/2021","100.30","100.44","101.90","100.10","10.39M","-2.24%"
"08/03/2021","102.60","101.59","102.91","100.67","8.44M","0.95%"
"08/02/2021","101.63","102.08","103.98","101.56","8.91M","-0.18%"
"07/30/2021","101.81","103.06","104.05","100.77","12.30M","-0.74%"
"07/29/2021","102.57","102.38","102.88","101.94","8.68M","1.37%"
"07/28/2021","101.18","100.90","101.81","100.28","8.55M","0.57%"
"07/27/2021","100.61","100.05","100.72","98.94","8.33M","-0.34%"
"07/26/2021","100.95","99.46","101.26","99.44","10.23M","2.11%"
"07/23/2021","98.86","98.80","99.12","97.94","7.57M","0.04%"
"07/22/2021","98.82","99.40","99.41","97.89","7.69M","-1.00%"
"07/21/2021","99.82","97.98","100.47","97.70","11.48M","3.41%"
"07/20/2021","96.53","95.89","98.04","95.05","12.11M","0.59%"
"07/19/2021","95.96","95.82","96.95","94.52","17.39M","-2.70%"
"07/16/2021","98.62","101.63","101.69","98.33","12.20M","-2.65%"
"07/15/2021","101.30","101.05","102.25","100.85","9.67M","-0.66%"
"07/14/2021","101.97","104.48","105.32","101.72","9.22M","-1.89%"
"07/13/2021","103.93","104.00","104.58","103.22","6.74M","-0.34%"
"07/12/2021","104.28","103.56","105.02","103.23","9.90M","0.20%"
"07/09/2021","104.07","103.46","104.23","102.36","8.57M","1.43%"
"07/08/2021","102.60","101.50","103.09","101.22","8.70M","-0.32%"
"07/07/2021","102.93","103.96","104.90","102.12","8.24M","-1.02%"
"07/06/2021","103.99","105.97","105.97","103.39","10.16M","-1.96%"
"07/02/2021","106.07","105.70","106.40","105.04","7.11M","-0.13%"
"07/01/2021","106.21","106.95","107.10","105.74","10.87M","1.40%"
"06/30/2021","104.74","103.84","104.88","103.72","7.93M","0.94%"
"06/29/2021","103.76","104.59","104.97","103.61","7.23M","-0.22%"
"06/28/2021","103.99","106.95","107.00","103.66","11.35M","-3.08%"
"06/25/2021","107.30","107.59","108.06","106.78","8.10M","0.15%"
"06/24/2021","107.14","107.14","107.78","106.36","8.72M","0.82%"
"06/23/2021","106.27","107.36","108.13","106.23","7.79M","-0.12%"
"06/22/2021","106.40","105.33","106.96","104.31","10.23M","0.33%"
"06/21/2021","106.05","104.10","106.44","103.93","13.59M","2.93%"
"06/18/2021","103.03","105.25","106.27","102.91","22.28M","-3.77%"
"06/17/2021","107.07","109.24","109.98","105.62","14.34M","-2.37%"
"06/16/2021","109.67","110.03","110.51","108.90","9.28M","-0.57%"
"06/15/2021","110.30","108.41","110.48","108.39","10.54M","2.16%"
"06/14/2021","107.97","108.18","108.96","106.83","9.05M","0.06%"
"06/11/2021","107.91","108.84","108.97","107.86","7.73M","-0.46%"
"06/10/2021","108.41","109.06","110.25","107.25","13.53M","0.58%"
"06/09/2021","107.78","109.06","109.53","107.65","10.15M","-0.87%"
"06/08/2021","108.73","107.65","108.98","106.30","10.56M","0.91%"
"06/07/2021","107.75","108.37","108.70","107.57","6.75M","-0.65%"
"06/04/2021","108.45","108.24","108.67","107.21","6.70M","0.80%"
"06/03/2021","107.59","107.56","108.09","106.56","8.81M","-0.45%"
"06/02/2021","108.08","107.21","108.56","106.21","9.14M","1.34%"
"06/01/2021","106.65","105.30","107.43","105.30","10.26M","2.76%"
"05/28/2021","103.79","103.62","104.12","102.95","7.28M","0.76%"
"05/27/2021","103.01","104.12","104.91","102.57","11.70M","-1.07%"
"05/26/2021","104.12","104.52","104.91","103.66","9.23M","0.24%"
"05/25/2021","103.87","105.43","105.62","103.61","7.88M","-1.64%"
"05/24/2021","105.60","104.95","105.83","104.00","6.79M","1.42%"
"05/21/2021","104.12","104.10","105.20","103.68","10.35M","0.54%"
"05/20/2021","103.56","103.07","104.07","101.97","9.71M","0.35%"
"05/19/2021","103.20","103.82","104.29","101.97","14.76M","-2.81%"
"05/18/2021","106.18","108.94","109.06","105.97","12.76M","-4.18%"
"05/17/2021","110.81","109.09","110.88","108.97","12.69M","1.22%"
"05/14/2021","109.47","107.80","109.82","107.80","9.12M","2.62%"
"05/13/2021","106.68","106.07","107.87","105.44","9.71M","-0.64%"
"05/12/2021","107.37","107.00","110.15","106.72","11.66M","0.63%"
"05/11/2021","106.70","109.06","109.58","106.21","12.75M","-2.62%"
"05/10/2021","109.57","111.44","113.11","109.52","13.59M","-0.41%"
"05/07/2021","110.02","108.09","110.67","107.70","10.27M","0.92%"
"05/06/2021","109.02","108.95","109.13","107.42","9.65M","0.06%"
"05/05/2021","108.96","107.09","109.54","106.82","12.87M","2.69%"
"05/04/2021","106.11","105.96","106.51","104.85","8.70M","0.55%"
"05/03/2021","105.53","103.98","105.72","103.22","7.94M","2.39%"
"04/30/2021","103.07","104.98","105.39","102.97","13.73M","-3.58%"
"04/29/2021","106.90","106.42","107.65","105.75","9.74M","1.60%"
"04/28/2021","105.22","103.54","105.86","103.37","8.72M","2.45%"
"04/27/2021","102.70","101.81","103.10","101.51","6.90M","1.16%"
"04/26/2021","101.52","101.27","102.67","101.26","5.64M","-0.03%"
"04/23/2021","101.55","101.10","102.17","100.72","6.76M","0.59%"
"04/22/2021","100.95","102.87","102.87","100.87","9.90M","-1.73%"
"04/21/2021","102.73","100.33","102.99","100.14","8.26M","1.38%"
"04/20/2021","101.33","102.83","102.99","100.51","9.78M","-1.87%"
"04/19/2021","103.26","103.27","103.83","102.21","7.07M","0.29%"
"04/16/2021","102.96","103.80","104.36","102.43","7.46M","-0.44%"
"04/15/2021","103.42","104.01","104.27","102.93","7.86M","-0.82%"
"04/14/2021","104.27","102.65","105.33","102.60","10.19M","1.99%"
"04/13/2021","102.24","101.56","102.60","101.29","6.83M","0.45%"
"04/12/2021","101.78","103.67","103.86","101.51","7.85M","-1.11%"
"04/09/2021","102.92","103.12","103.68","102.10","7.16M","-0.10%"
"04/08/2021","103.02","103.52","103.62","102.07","8.28M","-1.12%"
"04/07/2021","104.19","103.47","104.57","103.26","7.70M","0.59%"
"04/06/2021","103.58","104.25","105.08","103.45","8.13M","-0.89%"
"04/05/2021","104.51","105.73","105.83","104.17","8.69M","-1.17%"
"04/01/2021","105.75","105.26","105.86","104.21","8.52M","0.92%"
"03/31/2021","104.79","105.55","106.22","104.60","8.95M","-1.08%"
"03/30/2021","105.93","106.06","106.83","105.59","6.28M","-0.93%"
"03/29/2021","106.92","106.40","107.53","105.70","7.54M","-0.52%"
"03/26/2021","107.48","106.54","107.54","105.36","9.82M","2.29%"
"03/25/2021","105.07","102.85","105.26","102.07","11.14M","0.35%"
"03/24/2021","104.70","102.99","105.76","102.91","11.03M","2.68%"
"03/23/2021","101.97","101.45","104.30","100.69","14.78M","-0.56%"
"03/22/2021","102.54","103.06","104.50","102.31","12.51M","-0.81%"
"03/19/2021","103.38","103.94","104.89","102.74","18.49M","-0.71%"
"03/18/2021","104.12","107.01","107.53","103.71","13.25M","-3.62%"
"03/17/2021","108.03","107.21","108.56","106.60","9.17M","0.36%"
"03/16/2021","107.64","108.53","108.88","107.08","11.70M","-2.37%"
"03/15/2021","110.25","111.53","111.91","108.89","10.49M","-1.17%"
"03/12/2021","111.56","111.64","112.70","110.72","10.93M","0.33%"
"03/11/2021","111.19","111.65","112.55","110.89","10.99M","-0.16%"
"03/10/2021","111.37","110.20","112.01","109.70","17.39M","1.71%"
"03/09/2021","109.50","109.07","110.69","107.88","19.01M","-0.23%"
"03/08/2021","109.75","109.86","110.43","108.06","18.03M","0.69%"
"03/05/2021","109.00","106.96","109.13","106.15","23.64M","4.31%"
"03/04/2021","104.50","104.52","107.58","103.13","22.99M","0.88%"
"03/03/2021","103.59","103.41","105.75","103.40","14.96M","1.12%"
"03/02/2021","102.44","101.89","103.31","101.71","10.64M","0.38%"
"03/01/2021","102.05","102.46","103.80","101.40","10.44M","2.05%"
"02/26/2021","100.00","100.30","101.06","97.61","14.45M","-2.30%"
"02/25/2021","102.35","104.90","104.96","101.59","13.22M","-0.93%"
"02/24/2021","103.31","100.33","104.04","99.81","16.12M","3.69%"
"02/23/2021","99.63","99.97","100.16","96.80","14.87M","1.26%"
"02/22/2021","98.39","96.99","99.64","96.46","13.18M","2.70%"
"02/19/2021","95.80","95.13","96.38","94.65","8.91M","0.84%"
"02/18/2021","95.00","95.75","95.78","94.30","9.04M","-0.96%"
"02/17/2021","95.92","95.42","96.72","94.20","14.36M","3.00%"
"02/16/2021","93.13","93.05","93.86","92.61","14.01M","0.63%"
"02/12/2021","92.55","91.53","92.73","91.35","7.86M","0.58%"
"02/11/2021","92.02","92.37","92.44","90.08","8.57M","-0.54%"
"02/10/2021","92.52","91.38","92.59","90.60","8.78M","1.72%"
"02/09/2021","90.96","91.10","91.27","89.81","7.61M","-0.57%"
"02/08/2021","91.48","90.29","92.04","90.01","9.89M","2.49%"
"02/05/2021","89.26","89.94","90.47","88.64","8.02M","0.29%"
"02/04/2021","89.00","89.51","89.65","87.94","7.92M","0.04%"
"02/03/2021","88.96","87.05","89.39","86.89","9.26M","2.18%"
"02/02/2021","87.06","88.01","88.37","86.53","9.23M","0.75%"
"02/01/2021","86.41","85.99","87.30","84.57","8.07M","1.42%"
"01/29/2021","85.20","86.83","87.34","84.92","14.70M","-4.29%"
"01/28/2021","89.02","88.67","90.15","88.25","8.16M","0.93%"
"01/27/2021","88.20","87.53","90.35","86.75","10.18M","-1.30%"
"01/26/2021","89.36","92.20","92.91","89.27","7.83M","-1.69%"
"01/25/2021","90.90","90.62","91.03","89.33","7.69M","-0.90%"
"01/22/2021","91.73","90.40","92.03","89.83","7.81M","-0.30%"
"01/21/2021","92.01","93.86","94.66","91.22","10.40M","-3.53%"
"01/20/2021","95.38","95.00","95.56","94.30","8.74M","0.92%"
"01/19/2021","94.51","93.50","95.03","93.29","9.57M","2.63%"
"01/15/2021","92.09","94.22","94.31","91.71","10.24M","-3.56%"
"01/14/2021","95.49","93.94","96.31","93.79","13.95M","2.40%"
"01/13/2021","93.25","93.20","93.52","91.94","9.72M","-0.10%"
"01/12/2021","93.34","92.66","93.92","91.71","10.92M","1.90%"
"01/11/2021","91.60","89.12","92.10","88.57","10.64M","0.57%"
"01/08/2021","91.08","92.08","92.43","90.45","11.15M","0.95%"
"01/07/2021","90.22","90.39","90.82","89.31","9.29M","0.47%"
"01/06/2021","89.80","89.00","90.78","87.82","13.92M","3.22%"
"01/05/2021","87.00","85.49","89.22","85.32","13.41M","2.70%"
"01/04/2021","84.71","85.15","85.95","83.89","9.23M","0.31%"
"12/31/2020","84.45","84.90","85.19","83.96","8.35M","-1.03%"
"12/30/2020","85.33","84.61","86.58","84.54","7.90M","0.85%"
"12/29/2020","84.61","85.26","85.72","84.05","7.67M","-0.34%"
"12/28/2020","84.90","85.61","86.63","84.62","8.05M","-0.50%"
"12/24/2020","85.33","85.93","85.93","84.81","3.34M","-0.42%"
"12/23/2020","85.69","85.00","86.66","85.00","7.22M","1.58%"
"12/22/2020","84.36","85.44","85.80","84.30","8.59M","-2.01%"
"12/21/2020","86.09","84.35","86.83","83.53","11.43M","-1.26%"
"12/18/2020","87.19","87.98","88.71","86.26","27.43M","-1.38%"
"12/17/2020","88.41","89.54","89.55","87.55","11.75M","-0.32%"
"12/16/2020","88.69","89.20","89.35","87.85","9.89M","-0.76%"
"12/15/2020","89.37","89.42","90.48","88.77","11.78M","-0.08%"
"12/14/2020","89.44","93.40","93.70","89.24","12.20M","-3.26%"
"12/11/2020","92.45","92.53","93.28","91.03","9.58M","-0.96%"
"12/10/2020","93.35","91.55","94.56","90.78","11.99M","3.22%"
"12/09/2020","90.44","92.20","93.02","89.37","11.13M","-1.20%"
"12/08/2020","91.54","90.34","92.46","90.19","7.63M","0.86%"
"12/07/2020","90.76","91.82","92.38","89.88","9.40M","-2.70%"
"12/04/2020","93.28","91.22","93.45","90.92","10.79M","3.88%"
"12/03/2020","89.80","90.58","91.11","89.07","8.25M","-0.08%"
"12/02/2020","89.87","87.26","91.31","87.10","10.51M","2.77%"
"12/01/2020","87.45","89.28","89.71","87.07","9.92M","0.31%"
"11/30/2020","87.18","90.01","90.85","86.90","14.29M","-4.52%"
"11/27/2020","91.31","91.33","92.59","90.54","4.63M","-0.90%"
"11/25/2020","92.14","94.68","94.68","92.14","10.56M","-3.64%"
"11/24/2020","95.62","93.39","95.82","93.00","17.27M","5.04%"
"11/23/2020","91.03","87.45","91.58","86.76","13.39M","6.11%"
"11/20/2020","85.79","85.72","86.31","84.88","8.30M","0.07%"
"11/19/2020","85.73","83.55","85.96","83.06","8.82M","1.72%"
"11/18/2020","84.28","87.37","87.90","84.25","10.58M","-3.17%"
"11/17/2020","87.04","86.40","87.53","84.83","14.33M","-2.16%"
"11/16/2020","88.96","86.24","89.18","85.54","18.98M","7.14%"
"11/13/2020","83.03","81.15","83.35","81.03","10.90M","2.93%"
"11/12/2020","80.67","80.98","82.24","79.91","8.93M","-2.17%"
"11/11/2020","82.46","84.10","84.49","81.80","11.64M","-0.73%"
"11/10/2020","83.07","81.14","83.15","79.71","15.04M","4.62%"
"11/09/2020","79.40","80.00","84.27","78.26","24.02M","11.60%"
"11/06/2020","71.15","72.50","73.27","70.83","8.37M","-1.37%"
"11/05/2020","72.14","71.89","72.97","71.76","10.63M","0.52%"
"11/04/2020","71.77","70.78","73.59","69.89","10.93M","0.04%"
"11/03/2020","71.74","73.16","73.30","71.05","8.61M","-0.57%"
"11/02/2020","72.15","70.70","73.08","69.40","11.48M","3.81%"
"10/30/2020","69.50","69.90","70.11","68.08","17.20M","1.02%"
"10/29/2020","68.80","66.13","69.14","65.16","12.29M","2.87%"
"10/28/2020","66.88","67.69","68.08","66.33","15.96M","-3.78%"
"10/27/2020","69.51","70.42","70.60","69.49","14.25M","-2.02%"
"10/26/2020","70.94","71.73","71.89","70.24","9.71M","-2.25%"
"10/23/2020","72.57","73.93","74.36","71.83","8.73M","-1.13%"
"10/22/2020","73.40","70.88","73.49","70.57","9.81M","3.57%"
"10/21/2020","70.87","71.13","71.58","70.73","9.80M","-1.13%"
"10/20/2020","71.68","71.91","72.29","71.04","7.75M","0.56%"
"10/19/2020","71.28","73.11","73.34","71.19","8.36M","-2.21%"
"10/16/2020","72.89","73.52","74.03","72.27","9.31M","-0.84%"
"10/15/2020","73.51","71.81","73.72","71.39","10.05M","0.77%"
"10/14/2020","72.95","73.28","74.43","72.91","7.06M","-0.61%"
"10/13/2020","73.40","74.74","74.74","72.78","10.44M","-1.49%"
"10/12/2020","74.51","73.63","74.95","73.20","9.06M","0.69%"
"10/09/2020","74.00","75.86","76.09","73.98","12.26M","-1.62%"
"10/08/2020","75.22","74.39","75.55","73.99","11.59M","1.95%"
"10/07/2020","73.78","72.17","73.92","71.56","15.41M","2.05%"
"10/06/2020","72.30","73.84","74.32","72.25","15.29M","-0.55%"
"10/05/2020","72.70","71.52","72.73","70.71","12.05M","2.12%"
"10/02/2020","71.19","68.92","71.67","68.82","9.85M","1.09%"
"10/01/2020","70.42","71.51","71.88","70.03","14.93M","-2.19%"
"09/30/2020","72.00","72.25","72.89","71.61","10.47M","0.14%"
"09/29/2020","71.90","74.00","74.14","71.11","10.56M","-2.75%"
"09/28/2020","73.93","73.64","74.76","73.15","12.86M","2.92%"
"09/25/2020","71.83","71.01","72.48","70.77","11.07M","0.04%"
"09/24/2020","71.80","71.25","73.03","70.50","15.20M","-0.21%"
"09/23/2020","71.95","75.59","75.91","71.85","16.65M","-4.74%"
"09/22/2020","75.53","76.15","77.53","75.35","9.15M","-1.01%"
"09/21/2020","76.30","76.24","76.65","74.68","16.20M","-2.44%"
"09/18/2020","78.21","77.88","79.15","77.50","14.52M","-0.74%"
"09/17/2020","78.79","77.53","78.85","76.37","10.52M","0.29%"
"09/16/2020","78.56","76.35","79.48","75.96","13.02M","2.89%"
"09/15/2020","76.35","77.56","78.48","75.96","11.73M","-1.22%"
"09/14/2020","77.29","77.48","77.98","76.92","8.18M","-0.51%"
"09/11/2020","77.69","78.24","78.69","77.06","13.73M","-0.59%"
"09/10/2020","78.15","80.63","80.89","78.05","11.85M","-2.35%"
"09/09/2020","80.03","79.97","81.07","79.68","9.27M","1.34%"
"09/08/2020","78.97","80.50","80.58","78.04","14.94M","-3.61%"
"09/04/2020","81.93","82.46","83.64","80.90","10.52M","-0.43%"
"09/03/2020","82.28","83.05","84.49","81.71","16.18M","-1.09%"
"09/02/2020","83.19","83.06","83.96","82.70","10.82M","0.13%"
"09/01/2020","83.08","83.26","83.63","82.45","9.00M","-1.01%"
"08/31/2020","83.93","85.83","85.90","83.87","9.44M","-1.99%"
"08/28/2020","85.63","85.05","85.73","84.32","7.31M","0.85%"
"08/27/2020","84.91","85.16","85.63","83.97","7.44M","0.15%"
"08/26/2020","84.78","85.71","85.84","84.66","7.49M","-1.57%"
"08/25/2020","86.13","88.01","88.04","85.76","6.84M","-1.23%"
"08/24/2020","87.20","85.60","87.34","84.89","8.74M","2.49%"
"08/21/2020","85.08","84.67","85.09","83.51","9.00M","0.32%"
"08/20/2020","84.81","85.42","86.89","84.73","7.87M","-1.83%"
"08/19/2020","86.39","87.30","87.90","86.20","9.12M","-1.42%"
"08/18/2020","87.63","88.97","89.37","87.32","7.98M","-3.46%"
"08/17/2020","90.77","90.35","91.58","89.72","10.47M","0.46%"
"08/14/2020","90.35","89.00","90.59","88.85","6.34M","0.59%"
"08/13/2020","89.82","89.87","91.28","89.76","7.31M","-0.99%"
"08/12/2020","90.72","90.80","91.66","89.45","9.06M","1.23%"
"08/11/2020","89.62","91.95","93.01","89.17","9.07M","-0.12%"
"08/10/2020","89.73","87.94","89.76","87.60","8.15M","3.38%"
"08/07/2020","86.80","86.88","87.11","85.74","7.19M","-0.77%"
"08/06/2020","87.47","86.43","87.90","86.10","7.04M","0.31%"
"08/05/2020","87.20","88.14","88.43","86.41","7.35M","0.82%"
"08/04/2020","86.49","84.48","86.72","84.28","9.08M","1.98%"
"08/03/2020","84.81","83.98","85.14","83.80","11.22M","1.04%"
"07/31/2020","83.94","83.25","84.10","81.51","19.12M","-2.70%"
"07/30/2020","86.27","88.43","88.50","85.70","10.11M","-4.22%"
"07/29/2020","90.07","89.48","90.08","88.58","6.39M","1.08%"
"07/28/2020","89.11","90.47","91.17","88.77","6.79M","-2.12%"
"07/27/2020","91.04","89.76","91.09","88.80","7.60M","1.01%"
"07/24/2020","90.13","91.48","92.74","89.98","6.62M","-0.97%"
"07/23/2020","91.01","90.50","91.38","90.02","6.59M","-0.03%"
"07/22/2020","91.04","89.95","91.25","88.90","10.32M","-0.38%"
"07/21/2020","91.39","86.47","91.72","86.36","15.12M","7.18%"
"07/20/2020","85.27","86.83","87.49","84.80","14.97M","-2.20%"
"07/17/2020","87.19","88.41","89.11","86.91","5.96M","-1.32%"
"07/16/2020","88.36","88.44","89.48","87.35","4.80M","-0.60%"
"07/15/2020","88.89","90.18","90.19","88.21","5.94M","0.61%"
"07/14/2020","88.35","85.39","88.60","85.04","7.44M","3.45%"
"07/13/2020","85.40","86.04","86.93","84.81","7.07M","0.20%"
"07/10/2020","85.23","82.50","85.42","82.50","6.22M","3.01%"
"07/09/2020","82.74","85.97","86.32","82.69","8.83M","-4.18%"
"07/08/2020","86.35","86.39","87.80","85.89","6.74M","0.05%"
"07/07/2020","86.31","87.82","88.08","86.15","5.90M","-2.55%"
"07/06/2020","88.57","89.50","90.25","87.82","6.75M","0.29%"
"07/02/2020","88.31","89.37","90.36","88.16","5.83M","0.79%"
"07/01/2020","87.62","89.28","90.77","87.55","6.38M","-1.80%"
"06/30/2020","89.23","86.60","89.99","86.36","8.26M","1.78%"
"06/29/2020","87.67","86.91","88.57","86.60","7.02M","1.40%"
"06/26/2020","86.46","88.78","88.83","86.18","13.77M","-3.08%"
"06/25/2020","89.21","87.31","89.51","87.16","7.40M","1.79%"
"06/24/2020","87.64","89.99","90.13","86.86","8.97M","-4.16%"
"06/23/2020","91.44","92.50","93.09","91.17","6.32M","-0.16%"
"06/22/2020","91.59","90.32","91.69","89.59","5.94M","1.06%"
"06/19/2020","90.63","94.41","94.41","90.55","14.84M","-1.42%"
"06/18/2020","91.94","91.00","93.23","90.10","7.06M","0.44%"
"06/17/2020","91.54","93.83","94.00","91.50","6.02M","-2.65%"
"06/16/2020","94.03","94.99","95.58","91.49","8.73M","3.07%"
"06/15/2020","91.23","89.09","92.08","88.21","12.29M","-1.26%"
"06/12/2020","92.39","93.62","93.65","90.01","9.53M","3.38%"
"06/11/2020","89.37","92.30","94.19","89.12","14.94M","-8.41%"
"06/10/2020","97.58","101.00","101.50","97.56","10.49M","-3.89%"
"06/09/2020","101.53","100.70","102.93","99.83","10.75M","-1.66%"
"06/08/2020","103.24","102.63","103.59","100.87","11.09M","2.41%"
"06/05/2020","100.81","99.08","102.05","99.05","12.76M","4.71%"
"06/04/2020","96.28","96.78","96.89","95.16","6.37M","-0.93%"
"06/03/2020","97.18","95.97","97.73","95.75","8.44M","2.63%"
"06/02/2020","94.69","93.78","95.22","93.28","7.88M","2.05%"
"06/01/2020","92.79","90.94","93.85","90.11","7.35M","1.19%"
"05/29/2020","91.70","90.19","91.89","89.26","17.02M","0.91%"
"05/28/2020","90.87","93.61","93.90","90.79","9.64M","-3.23%"
"05/27/2020","93.90","94.68","94.69","92.11","7.82M","0.64%"
"05/26/2020","93.30","92.49","94.34","92.03","9.43M","3.35%"
"05/22/2020","90.28","91.45","91.60","89.47","8.56M","-1.91%"
"05/21/2020","92.04","92.77","93.37","91.28","8.83M","-1.03%"
"05/20/2020","93.00","91.00","93.47","90.18","9.16M","3.77%"
"05/19/2020","89.62","92.53","92.63","89.53","7.75M","-3.17%"
"05/18/2020","92.55","92.40","93.40","91.46","12.31M","3.80%"
"05/15/2020","89.16","90.65","92.06","88.83","10.11M","-0.99%"
"05/14/2020","90.05","87.29","90.93","86.02","10.68M","1.52%"
"05/13/2020","88.70","89.90","90.00","87.32","12.22M","-2.63%"
"05/12/2020","91.10","93.13","94.03","91.00","8.75M","-2.43%"
"05/11/2020","93.37","94.21","94.60","93.18","7.10M","-2.20%"
"05/08/2020","95.47","95.00","95.56","94.07","8.60M","3.05%"
"05/07/2020","92.64","92.98","94.06","91.91","9.75M","2.88%"
"05/06/2020","90.05","92.85","93.46","89.77","11.15M","-3.06%"
"05/05/2020","92.89","94.50","95.30","92.68","13.61M","1.59%"
"05/04/2020","91.44","88.76","91.62","87.69","11.19M","2.24%"
"05/01/2020","89.44","91.51","92.05","87.04","13.25M","-2.78%"
"04/30/2020","92.00","93.72","95.74","90.58","12.22M","-2.77%"
"04/29/2020","94.62","92.48","95.14","92.29","12.34M","5.24%"
"04/28/2020","89.91","89.55","90.96","88.83","10.65M","0.22%"
"04/27/2020","89.71","86.75","90.62","85.87","12.04M","3.10%"
"04/24/2020","87.01","88.48","88.79","85.77","9.18M","0.24%"
"04/23/2020","86.80","86.30","88.78","85.39","14.23M","2.79%"
"04/22/2020","84.44","84.95","85.25","82.97","10.33M","3.43%"
"04/21/2020","81.64","80.28","83.79","79.25","19.62M","-2.31%"
"04/20/2020","83.57","82.66","87.00","82.09","15.75M","-4.13%"
"04/17/2020","87.17","81.33","87.50","81.32","16.13M","8.98%"
"04/16/2020","79.99","81.31","82.19","78.81","12.29M","-3.03%"
"04/15/2020","82.49","80.46","83.38","79.32","13.98M","-2.51%"
"04/14/2020","84.61","85.46","87.08","84.33","14.80M","-0.35%"
"04/13/2020","84.91","87.18","87.36","83.40","13.85M","0.71%"
"04/09/2020","84.31","88.74","89.91","81.52","17.05M","-1.94%"
"04/08/2020","85.98","82.29","86.30","81.52","12.28M","6.25%"
"04/07/2020","80.92","84.26","85.69","80.85","16.39M","0.66%"
"04/06/2020","80.39","77.00","80.95","75.51","17.33M","7.03%"
"04/03/2020","75.11","78.00","78.99","73.03","14.91M","-1.33%"
"04/02/2020","76.12","71.75","78.70","69.58","23.22M","11.03%"
"04/01/2020","68.56","69.51","72.29","67.61","14.36M","-5.38%"
"03/31/2020","72.46","73.27","75.04","70.81","18.51M","0.71%"
"03/30/2020","71.95","68.01","72.93","67.02","18.49M","4.61%"
"03/27/2020","68.78","72.12","73.54","68.50","20.41M","-9.95%"
"03/26/2020","76.38","70.30","77.10","67.89","24.14M","10.26%"
"03/25/2020","69.27","68.29","73.14","66.64","22.56M","4.09%"
"03/24/2020","66.55","61.48","67.65","60.32","29.20M","22.74%"
"03/23/2020","54.22","58.26","59.40","52.97","23.76M","-8.71%"
"03/20/2020","59.39","59.53","60.65","56.36","26.96M","3.48%"
"03/19/2020","57.39","55.26","58.49","51.60","29.87M","4.25%"
"03/18/2020","55.05","66.21","66.23","54.57","24.95M","-22.12%"
"03/17/2020","70.69","70.40","72.98","65.49","22.68M","1.42%"
"03/16/2020","69.70","72.57","78.49","69.69","17.54M","-16.45%"
"03/13/2020","83.42","79.98","83.50","74.11","23.50M","9.39%"
"03/12/2020","76.26","77.23","78.12","72.86","25.77M","-8.15%"
"03/11/2020","83.03","82.23","84.84","81.75","18.41M","-2.29%"
"03/10/2020","84.98","86.24","86.30","81.04","22.59M","5.34%"
"03/09/2020","80.67","82.23","88.01","80.00","30.60M","-15.37%"
"03/06/2020","95.32","93.92","96.06","93.42","16.86M","-1.92%"
"03/05/2020","97.19","95.71","97.39","94.94","12.81M","-1.36%"
"03/04/2020","98.53","96.37","99.02","95.67","14.75M","4.39%"
"03/03/2020","94.39","96.79","98.48","93.37","16.53M","-2.28%"
"03/02/2020","96.59","94.02","96.68","92.20","15.05M","3.48%"
"02/28/2020","93.34","90.63","93.44","90.11","20.84M","-0.84%"
"02/27/2020","94.13","95.95","98.20","94.08","15.78M","-3.99%"
"02/26/2020","98.04","100.86","101.61","98.00","11.99M","-2.65%"
"02/25/2020","100.71","104.80","104.92","100.00","12.87M","-3.82%"
"02/24/2020","104.71","105.71","106.96","104.42","9.54M","-3.94%"
"02/21/2020","109.01","108.99","109.19","107.65","6.44M","-0.73%"
"02/20/2020","109.81","110.78","111.07","109.70","4.47M","-0.84%"
"02/19/2020","110.74","110.52","111.10","109.89","5.89M","0.45%"
"02/18/2020","110.24","109.00","110.27","108.83","4.98M","0.15%"
"02/14/2020","110.08","110.84","110.97","109.58","5.15M","-1.42%"
"02/13/2020","111.66","111.37","112.33","111.23","5.99M","-0.34%"
"02/12/2020","112.04","112.51","112.60","111.61","5.73M","0.75%"
"02/11/2020","111.21","110.78","111.37","110.06","6.07M","1.29%"
"02/10/2020","109.79","108.54","109.80","108.32","6.01M","0.78%"
"02/07/2020","108.94","108.93","109.44","108.47","4.83M","-0.50%"
"02/06/2020","109.49","110.63","110.67","109.11","6.27M","-0.72%"
"02/05/2020","110.28","108.27","110.65","108.11","6.91M","3.21%"
"02/04/2020","106.85","107.68","108.33","106.60","9.91M","0.54%"
"02/03/2020","106.28","106.95","107.25","105.40","8.79M","-0.80%"
"01/31/2020","107.14","109.81","110.00","106.39","13.70M","-3.82%"
"01/30/2020","111.40","109.81","111.58","109.06","8.38M","0.93%"
"01/29/2020","110.37","111.45","111.84","110.18","4.77M","-0.67%"
"01/28/2020","111.12","110.98","111.62","110.77","5.77M","0.66%"
"01/27/2020","110.39","110.25","110.83","109.98","7.61M","-1.31%"
"01/24/2020","111.85","112.79","112.98","111.34","6.92M","-1.11%"
"01/23/2020","113.10","112.40","113.49","111.86","8.01M","0.18%"
"01/22/2020","112.90","113.10","113.53","112.46","5.59M","-0.36%"
"01/21/2020","113.31","115.10","115.15","113.17","8.47M","-1.96%"
"01/17/2020","115.58","117.01","117.29","115.52","7.89M","-1.12%"
"01/16/2020","116.89","116.56","117.28","116.45","7.02M","0.65%"
"01/15/2020","116.13","116.30","116.41","115.65","5.81M","-0.15%"
"01/14/2020","116.30","116.50","116.88","115.70","7.19M","-0.31%"
"01/13/2020","116.66","116.47","116.91","116.08","6.85M","0.19%"
"01/10/2020","116.44","117.52","117.69","116.40","6.40M","-0.91%"
"01/09/2020","117.51","117.59","117.92","116.18","7.35M","-0.16%"
"01/08/2020","117.70","118.55","119.09","117.65","7.30M","-1.14%"
"01/07/2020","119.06","119.02","119.73","117.77","7.88M","-1.28%"
"01/06/2020","120.60","121.24","121.67","120.33","9.95M","-0.34%"
"01/03/2020","121.01","121.78","122.72","120.74","6.36M","-0.35%"
"01/02/2020","121.43","120.81","121.62","120.77","5.21M","0.76%"
"12/31/2019","120.51","119.50","120.63","119.25","4.22M","0.55%"
"12/30/2019","119.85","120.44","121.34","119.81","4.58M","-0.37%"
"12/27/2019","120.30","120.89","121.29","120.24","4.14M","-0.25%"
"12/26/2019","120.60","120.67","121.42","120.34","3.65M","0.22%"
"12/24/2019","120.34","120.43","120.78","120.09","1.64M","0.01%"
"12/23/2019","120.33","119.31","120.40","119.15","5.88M","0.54%"
"12/20/2019","119.68","119.40","119.94","118.09","12.17M","1.31%"
"12/19/2019","118.13","118.57","118.74","117.86","6.22M","-0.35%"
"12/18/2019","118.55","118.68","119.64","118.52","7.50M","-0.04%"
"12/17/2019","118.60","119.59","119.89","118.33","6.76M","-0.64%"
"12/16/2019","119.36","118.86","119.47","118.61","5.62M","1.19%"
"12/13/2019","117.96","119.05","119.54","117.90","4.86M","-0.72%"
"12/12/2019","118.81","116.59","118.89","116.59","6.47M","2.22%"
"12/11/2019","116.23","117.09","117.66","116.13","7.04M","-1.41%"
"12/10/2019","117.89","118.03","118.09","117.05","4.89M","0.50%"
"12/09/2019","117.30","116.52","117.89","116.44","4.83M","-0.60%"
"12/06/2019","118.01","117.09","119.29","116.98","6.74M","1.44%"
"12/05/2019","116.33","117.62","117.74","116.19","5.52M","-0.52%"
"12/04/2019","116.94","116.64","117.30","116.43","5.71M","0.91%"
"12/03/2019","115.89","116.20","116.70","115.70","7.30M","-0.78%"
"12/02/2019","116.80","117.98","118.07","116.72","5.20M","-0.28%"
"11/29/2019","117.13","117.28","117.82","116.88","3.27M","-0.80%"
"11/27/2019","118.07","117.99","118.61","117.62","4.11M","0.24%"
"11/26/2019","117.79","118.34","118.56","117.20","10.06M","-0.50%"
"11/25/2019","118.38","118.43","119.22","117.98","7.39M","-0.21%"
"11/22/2019","118.63","119.06","119.70","118.60","4.79M","-0.12%"
"11/21/2019","118.77","117.61","118.95","117.20","5.81M","1.22%"
"11/20/2019","117.34","116.41","118.08","116.12","5.90M","0.76%"
"11/19/2019","116.45","118.50","118.80","116.08","8.73M","-1.77%"
"11/18/2019","118.55","119.82","120.00","118.14","4.89M","-1.73%"
"11/15/2019","120.64","121.22","121.39","120.11","5.59M","-1.08%"
"11/14/2019","121.96","121.85","122.94","121.40","4.89M","-0.26%"
"11/13/2019","122.28","120.46","122.41","120.37","5.30M","1.09%"
"11/12/2019","120.96","121.29","122.05","120.48","4.50M","0.12%"
"11/11/2019","120.81","120.20","121.39","120.01","3.87M","-0.10%"
"11/08/2019","120.93","120.97","121.20","120.16","4.25M","-0.79%"
"11/07/2019","121.89","121.13","122.00","120.32","5.44M","1.66%"
"11/06/2019","119.90","121.94","122.14","119.80","6.10M","-1.67%"
"11/05/2019","121.94","121.23","122.45","120.72","6.97M","0.30%"
"11/04/2019","121.57","117.23","121.87","117.02","10.35M","4.61%"
"11/01/2019","116.21","115.49","116.62","114.02","7.68M","0.06%"
"10/31/2019","116.14","115.86","116.36","115.32","7.18M","-0.19%"
"10/30/2019","116.36","118.18","118.18","115.52","4.69M","-1.50%"
"10/29/2019","118.13","117.97","119.07","117.69","4.55M","-0.30%"
"10/28/2019","118.48","119.08","119.51","117.64","5.08M","-0.16%"
"10/25/2019","118.67","117.77","118.85","117.69","3.37M","0.93%"
"10/24/2019","117.58","118.47","118.81","117.31","3.89M","-0.34%"
"10/23/2019","117.98","117.40","118.02","116.78","4.16M","0.15%"
"10/22/2019","117.80","116.63","118.56","116.49","4.13M","1.02%"
"10/21/2019","116.61","115.55","116.75","115.55","4.15M","1.63%"
"10/18/2019","114.74","115.14","115.58","114.74","5.68M","-0.53%"
"10/17/2019","115.35","115.61","116.06","114.92","3.84M","0.21%"
"10/16/2019","115.11","116.23","116.66","115.08","3.65M","-1.03%"
"10/15/2019","116.31","115.85","117.62","115.80","3.74M","0.11%"
"10/14/2019","116.18","115.58","116.39","115.45","2.59M","0.03%"
"10/11/2019","116.15","115.69","117.03","115.36","5.18M","1.36%"
"10/10/2019","114.59","113.53","114.79","113.30","3.92M","1.28%"
"10/09/2019","113.14","112.59","114.51","112.30","4.70M","1.28%"
"10/08/2019","111.71","112.11","112.75","111.61","6.07M","-1.37%"
"10/07/2019","113.26","113.96","114.75","113.23","4.77M","-0.52%"
"10/04/2019","113.85","113.60","114.00","112.55","4.88M","0.62%"
"10/03/2019","113.15","112.06","113.19","110.42","5.67M","0.77%"
"10/02/2019","112.29","115.06","115.11","111.62","9.94M","-3.21%"
"10/01/2019","116.01","119.27","119.46","115.88","7.20M","-2.18%"
"09/30/2019","118.60","118.54","119.42","118.41","6.23M","0.00%"
"09/27/2019","118.60","119.51","120.25","118.45","6.85M","-1.30%"
"09/26/2019","120.16","123.26","123.50","120.05","8.15M","-2.71%"
"09/25/2019","123.51","123.48","124.15","122.91","3.78M","-0.19%"
"09/24/2019","123.74","124.67","124.72","123.22","6.35M","-0.93%"
"09/23/2019","124.90","123.55","125.00","123.55","4.96M","0.47%"
"09/20/2019","124.32","124.00","124.82","123.67","10.52M","0.53%"
"09/19/2019","123.66","124.77","124.97","123.42","4.06M","-0.42%"
"09/18/2019","124.18","123.55","124.21","123.02","4.87M","0.23%"
"09/17/2019","123.89","124.12","124.62","122.56","7.36M","-0.19%"
"09/16/2019","124.12","124.86","125.27","122.97","10.68M","2.16%"
"09/13/2019","121.50","122.25","122.32","121.24","4.89M","0.07%"
"09/12/2019","121.42","120.04","122.18","119.56","5.82M","0.12%"
"09/11/2019","121.28","122.21","122.98","120.37","5.51M","-0.47%"
"09/10/2019","121.85","120.23","123.29","119.91","8.73M","2.06%"
"09/09/2019","119.39","118.74","119.63","118.58","5.05M","0.96%"
"09/06/2019","118.26","117.50","118.44","117.39","4.58M","0.53%"
"09/05/2019","117.64","118.01","119.07","117.26","5.39M","0.33%"
"09/04/2019","117.25","117.48","118.54","117.17","4.61M","0.84%"
"09/03/2019","116.27","115.77","116.33","114.55","5.67M","-1.23%"
"08/30/2019","117.72","117.98","118.98","117.23","4.88M","0.17%"
"08/29/2019","117.52","117.19","117.84","116.58","4.47M","0.59%"
"08/28/2019","116.83","116.41","117.19","115.88","4.16M","0.86%"
"08/27/2019","115.83","116.27","117.03","115.04","4.24M","0.08%"
"08/26/2019","115.74","115.92","116.22","115.19","3.97M","0.49%"
"08/23/2019","115.18","116.48","118.06","114.35","7.65M","-2.17%"
"08/22/2019","117.73","118.66","118.74","117.45","4.36M","-0.13%"
"08/21/2019","117.88","117.79","118.22","117.33","4.58M","1.51%"
"08/20/2019","116.13","117.13","117.19","115.66","5.15M","-1.01%"
"08/19/2019","117.31","117.13","117.82","116.96","6.44M","1.30%"
"08/16/2019","115.81","116.40","116.65","115.36","6.24M","-0.97%"
"08/15/2019","116.95","117.24","117.84","115.46","6.27M","-0.67%"
"08/14/2019","117.74","120.02","120.59","117.68","7.18M","-3.80%"
"08/13/2019","122.39","121.01","122.70","120.30","5.86M","0.69%"
"08/12/2019","121.55","123.01","123.14","120.91","3.94M","-0.71%"
"08/09/2019","122.42","123.11","123.89","121.89","5.05M","-0.66%"
"08/08/2019","123.23","119.49","123.33","119.42","8.87M","3.47%"
"08/07/2019","119.10","117.55","119.80","116.95","6.85M","-0.23%"
"08/06/2019","119.38","118.72","119.53","117.65","6.79M","0.54%"
"08/05/2019","118.74","119.19","120.55","117.45","8.62M","-1.65%"
"08/02/2019","120.73","121.78","122.54","117.83","9.03M","-0.01%"
"08/01/2019","120.74","122.00","123.75","120.31","7.93M","-1.93%"
"07/31/2019","123.11","123.71","124.69","122.48","7.20M","-0.99%"
"07/30/2019","124.34","124.10","124.75","123.38","3.87M","0.09%"
"07/29/2019","124.23","123.48","124.64","123.38","4.38M","0.41%"
"07/26/2019","123.72","125.24","125.25","123.30","6.97M","-1.52%"
"07/25/2019","125.63","127.00","127.00","125.33","4.59M","-0.72%"
"07/24/2019","126.54","125.87","126.94","125.66","4.80M","0.57%"
"07/23/2019","125.82","125.24","126.22","124.78","4.30M","0.41%"
"07/22/2019","125.31","125.37","125.75","124.47","3.28M","0.22%"
"07/19/2019","125.04","124.68","125.41","124.59","4.88M","0.29%"
"07/18/2019","124.68","124.12","125.05","123.36","5.77M","0.43%"
"07/17/2019","124.14","124.66","125.28","124.06","3.87M","-0.50%"
"07/16/2019","124.76","125.50","125.78","124.26","4.70M","-0.76%"
"07/15/2019","125.72","126.06","126.40","125.27","3.74M","-0.21%"
"07/12/2019","125.98","125.38","126.25","125.13","3.97M","0.44%"
"07/11/2019","125.43","125.68","125.68","124.60","3.55M","-0.01%"
"07/10/2019","125.44","124.11","125.62","124.11","4.74M","1.69%"
"07/09/2019","123.35","123.90","124.14","123.07","3.96M","-0.20%"
"07/08/2019","123.60","123.66","124.09","123.42","3.51M","0.05%"
"07/05/2019","123.54","123.14","123.74","122.64","3.46M","0.15%"
"07/03/2019","123.35","122.93","123.37","122.33","2.73M","0.34%"
"07/02/2019","122.93","124.55","124.72","122.39","5.75M","-1.53%"
"07/01/2019","124.84","125.36","125.84","124.36","5.53M","0.32%"
"06/28/2019","124.44","123.41","124.48","123.12","7.05M","1.08%"
"06/27/2019","123.11","123.92","124.20","122.89","3.55M","-0.66%"
"06/26/2019","123.93","124.57","124.88","123.88","5.05M","0.23%"
"06/25/2019","123.64","124.84","125.11","123.49","4.71M","-1.02%"
"06/24/2019","124.91","124.54","125.38","124.42","5.54M","-0.02%"
"06/21/2019","124.93","124.80","126.20","124.23","14.29M","0.52%"
"06/20/2019","124.28","124.31","124.70","123.60","7.77M","1.13%"
"06/19/2019","122.89","122.51","123.48","122.22","3.85M","-0.03%"
"06/18/2019","122.93","121.95","123.87","121.86","4.88M","1.27%"
"06/17/2019","121.39","120.72","121.84","120.38","4.22M","0.48%"
"06/14/2019","120.81","121.00","121.16","120.37","3.37M","-0.08%"
"06/13/2019","120.91","121.24","121.89","120.46","3.99M","0.60%"
"06/12/2019","120.19","120.38","120.58","119.56","4.00M","-0.81%"
"06/11/2019","121.17","123.37","123.50","121.15","5.63M","-0.92%"
"06/10/2019","122.29","122.20","122.75","121.71","5.71M","0.67%"
"06/07/2019","121.48","120.74","122.12","120.53","5.34M","0.66%"
"06/06/2019","120.68","118.21","121.16","118.11","7.37M","2.58%"
"06/05/2019","117.65","117.87","118.03","116.27","5.11M","0.30%"
"06/04/2019","117.30","116.60","117.68","116.29","5.24M","1.13%"
"06/03/2019","115.99","114.70","116.10","114.47","6.10M","1.88%"
"05/31/2019","113.85","114.22","115.20","113.72","6.90M","-1.33%"
"05/30/2019","115.38","116.54","116.74","114.85","5.81M","-1.19%"
"05/29/2019","116.77","117.04","117.36","115.82","7.45M","-1.30%"
"05/28/2019","118.31","118.88","119.32","118.17","8.15M","-0.34%"
"05/24/2019","118.71","118.30","118.93","117.38","4.89M","0.71%"
"05/23/2019","117.87","118.81","118.87","116.86","11.00M","-2.24%"
"05/22/2019","120.57","120.90","121.44","120.34","5.76M","-0.63%"
"05/21/2019","121.34","121.03","121.94","120.90","4.86M","0.41%"
"05/20/2019","120.84","120.71","121.21","120.54","4.57M","0.27%"
"05/17/2019","120.52","120.06","121.11","119.88","6.87M","-0.23%"
"05/16/2019","120.80","120.99","121.55","120.53","8.54M","-1.10%"
"05/15/2019","122.14","121.20","122.49","120.87","6.94M","0.41%"
"05/14/2019","121.64","120.67","122.25","120.51","6.86M","1.00%"
"05/13/2019","120.44","121.91","122.26","120.01","7.70M","-1.27%"
"05/10/2019","121.99","121.17","122.27","119.83","8.79M","0.66%"
"05/09/2019","121.19","121.12","122.32","119.86","16.50M","3.14%"
"05/08/2019","117.50","118.37","118.48","117.40","6.23M","-0.65%"
"05/07/2019","118.27","117.30","118.27","116.50","9.17M","-0.11%"
"05/06/2019","118.40","117.50","119.84","117.47","11.03M","0.96%"
"05/03/2019","117.27","117.69","118.55","117.11","7.37M","0.76%"
"05/02/2019","116.38","117.28","118.47","116.28","9.50M","-1.21%"
"05/01/2019","117.81","119.80","120.14","117.76","10.10M","-1.87%"
"04/30/2019","120.06","121.10","121.92","119.65","21.43M","1.99%"
"04/29/2019","117.72","117.01","118.11","116.70","9.40M","0.53%"
"04/26/2019","117.10","118.40","118.50","115.65","11.63M","-0.68%"
"04/25/2019","117.90","118.05","118.70","117.40","10.64M","-0.32%"
"04/24/2019","118.28","121.35","121.43","118.09","22.11M","-3.07%"
"04/23/2019","122.02","121.73","122.28","121.35","9.08M","0.10%"
"04/22/2019","121.90","120.78","122.01","120.45","7.95M","1.70%"
"04/18/2019","119.86","120.52","120.82","119.10","9.55M","-0.34%"
"04/17/2019","120.27","122.20","122.54","120.05","11.90M","-0.74%"
"04/16/2019","121.17","120.43","121.32","120.06","11.94M","0.86%"
"04/15/2019","120.14","120.02","121.02","119.33","13.37M","0.32%"
"04/12/2019","119.76","121.58","122.00","119.00","42.69M","-4.94%"
"04/11/2019","125.99","125.34","126.25","124.75","3.25M","0.40%"
"04/10/2019","125.49","126.14","126.56","125.13","3.97M","-0.04%"
"04/09/2019","125.54","126.29","126.29","125.12","4.14M","-0.90%"
"04/08/2019","126.68","126.77","127.34","126.23","5.48M","0.21%"
"04/05/2019","126.42","125.25","126.64","125.20","5.55M","1.30%"
"04/04/2019","124.80","124.01","124.83","123.55","3.72M","0.73%"
"04/03/2019","123.89","125.22","125.35","123.54","3.60M","-0.83%"
"04/02/2019","124.93","125.20","125.44","124.11","4.36M","-0.01%"
"04/01/2019","124.94","123.87","125.27","123.45","5.51M","1.43%"
"03/29/2019","123.18","124.28","124.47","122.49","5.32M","0.13%"
"03/28/2019","123.02","122.60","123.16","122.36","4.06M","0.19%"
"03/27/2019","122.79","123.98","124.48","122.02","3.73M","-1.08%"
"03/26/2019","124.13","123.77","124.91","123.38","4.08M","1.01%"
"03/25/2019","122.89","122.93","123.35","122.31","3.84M","-0.16%"
"03/22/2019","123.09","124.85","124.90","122.70","5.79M","-2.20%"
"03/21/2019","125.86","124.87","125.96","124.51","5.05M","0.94%"
"03/20/2019","124.69","125.04","126.34","124.68","6.71M","-0.47%"
"03/19/2019","125.28","126.56","126.92","124.74","5.10M","-0.48%"
"03/18/2019","125.88","125.21","126.13","125.17","5.59M","0.45%"
"03/15/2019","125.31","124.59","125.42","124.35","10.45M","0.57%"
"03/14/2019","124.60","124.76","125.46","124.48","5.15M","-0.06%"
"03/13/2019","124.67","124.60","124.93","123.90","4.71M","0.62%"
"03/12/2019","123.90","123.84","124.96","123.38","6.18M","0.23%"
"03/11/2019","123.62","122.87","124.20","122.75","6.09M","1.64%"
"03/08/2019","121.62","120.10","121.93","119.20","7.01M","-0.26%"
"03/07/2019","121.94","123.42","123.50","121.70","7.20M","-1.29%"
"03/06/2019","123.53","123.17","124.70","122.30","7.60M","0.19%"
"03/05/2019","123.29","121.87","123.35","121.59","7.35M","0.96%"
"03/04/2019","122.12","122.67","122.84","120.55","7.50M","0.07%"
"03/01/2019","122.03","120.39","122.04","120.17","7.74M","2.05%"
"02/28/2019","119.58","120.00","120.16","118.49","6.41M","-0.42%"
"02/27/2019","120.08","120.29","121.29","119.89","5.29M","0.12%"
"02/26/2019","119.94","119.81","120.97","119.68","5.45M","0.27%"
"02/25/2019","119.62","119.41","120.42","119.37","5.20M","0.19%"
"02/22/2019","119.39","120.28","120.46","118.85","4.52M","0.21%"
"02/21/2019","119.14","120.07","120.32","118.39","5.14M","-0.95%"
"02/20/2019","120.28","119.31","120.72","119.00","5.94M","0.81%"
"02/19/2019","119.31","118.90","119.86","118.46","4.28M","-0.03%"
"02/15/2019","119.35","119.62","119.86","118.59","6.21M","1.01%"
"02/14/2019","118.16","118.37","119.53","117.66","5.41M","-1.18%"
"02/13/2019","119.57","119.16","120.39","118.70","5.94M","0.72%"
"02/12/2019","118.72","118.33","118.87","117.61","5.40M","1.51%"
"02/11/2019","116.95","116.93","117.36","116.39","4.86M","-0.54%"
"02/08/2019","117.58","117.74","117.89","115.92","5.67M","-0.55%"
"02/07/2019","118.23","118.01","118.51","116.51","7.28M","-0.55%"
"02/06/2019","118.88","119.00","119.59","118.69","4.99M","-0.50%"
"02/05/2019","119.48","119.62","119.86","118.69","6.89M","-0.22%"
"02/04/2019","119.74","117.50","119.75","116.31","7.99M","1.16%"
"02/01/2019","118.37","116.65","119.25","116.60","10.93M","3.24%"
"01/31/2019","114.65","113.80","115.41","113.38","11.23M","1.45%"
"01/30/2019","113.01","112.53","113.65","111.98","7.94M","1.06%"
"01/29/2019","111.83","113.03","113.35","111.77","5.36M","-0.30%"
"01/28/2019","112.17","111.91","112.57","111.07","6.89M","-0.93%"
"01/25/2019","113.22","114.06","114.78","112.99","6.26M","-0.26%"
"01/24/2019","113.51","111.03","113.82","110.91","8.47M","1.90%"
"01/23/2019","111.39","112.38","112.67","110.42","6.08M","-0.85%"
"01/22/2019","112.34","113.12","113.45","111.95","7.24M","-1.77%"
"01/18/2019","114.37","113.99","114.65","113.06","9.38M","2.15%"
"01/17/2019","111.96","110.75","112.29","110.17","4.44M","0.50%"
"01/16/2019","111.40","111.43","112.32","111.22","5.62M","-0.64%"
"01/15/2019","112.12","111.98","113.07","111.51","4.23M","0.36%"
"01/14/2019","111.72","111.34","112.34","111.08","6.12M","-0.73%"
"01/11/2019","112.54","113.00","113.05","111.67","4.49M","-0.80%"
"01/10/2019","113.45","112.51","113.63","111.71","6.08M","0.16%"
"01/09/2019","113.27","112.69","114.00","112.45","7.10M","1.34%"
"01/08/2019","111.77","113.40","113.79","111.67","5.67M","-0.44%"
"01/07/2019","112.26","111.06","112.93","109.92","5.71M","1.30%"
"01/04/2019","110.82","110.28","110.99","109.47","7.95M","2.07%"
"01/03/2019","108.57","111.06","111.29","108.07","6.50M","-1.92%"
"01/02/2019","110.69","107.34","111.68","107.10","6.38M","1.75%"
"12/31/2018","108.79","109.15","110.24","107.86","6.31M","0.13%"
"12/28/2018","108.65","109.65","110.36","108.12","6.45M","-0.61%"
"12/27/2018","109.32","105.47","109.33","104.88","10.66M","1.80%"
"12/26/2018","107.39","101.85","107.39","100.22","10.78M","6.34%"
"12/24/2018","100.99","103.30","104.15","100.91","5.62M","-3.09%"
"12/21/2018","104.21","103.62","106.94","102.91","19.91M","-0.73%"
"12/20/2018","104.98","106.81","108.07","104.19","11.61M","-2.64%"
"12/19/2018","107.83","109.91","111.99","107.10","10.47M","-1.74%"
"12/18/2018","109.74","112.63","113.24","108.95","9.66M","-2.41%"
"12/17/2018","112.45","113.44","114.97","111.86","7.13M","-1.21%"
"12/14/2018","113.83","115.01","115.81","113.31","6.20M","-1.82%"
"12/13/2018","115.94","115.15","116.32","114.31","7.03M","0.28%"
"12/12/2018","115.62","117.11","117.72","115.57","7.89M","0.13%"
"12/11/2018","115.47","116.26","116.62","113.95","5.93M","0.46%"
"12/10/2018","114.94","115.30","115.96","111.67","7.67M","-0.48%"
"12/07/2018","115.49","117.59","119.70","115.19","9.11M","-0.36%"
"12/06/2018","115.91","115.34","116.14","113.03","10.72M","-1.13%"
"12/04/2018","117.24","120.60","121.09","117.06","8.29M","-2.84%"
"12/03/2018","120.67","120.77","122.43","120.06","8.24M","1.45%"
"11/30/2018","118.94","118.05","119.21","117.70","6.71M","0.08%"
"11/29/2018","118.85","117.95","119.73","117.74","6.66M","0.60%"
"11/28/2018","118.14","114.98","118.28","114.40","6.84M","2.54%"
"11/27/2018","115.21","114.55","115.66","114.22","6.34M","0.20%"
"11/26/2018","114.98","114.60","115.44","114.02","6.95M","1.21%"
"11/23/2018","113.60","114.70","115.22","112.11","5.58M","-3.38%"
"11/21/2018","117.57","116.68","119.19","116.68","5.62M","1.27%"
"11/20/2018","116.10","119.24","119.50","115.03","7.98M","-2.78%"
"11/19/2018","119.42","118.14","119.48","117.90","5.33M","0.30%"
"11/16/2018","119.06","117.50","119.27","117.27","6.71M","1.80%"
"11/15/2018","116.95","113.66","117.08","112.72","7.22M","1.06%"
"11/14/2018","115.72","116.88","117.79","114.94","6.78M","0.32%"
"11/13/2018","115.35","117.30","117.88","115.04","6.85M","-1.74%"
"11/12/2018","117.39","120.90","121.37","117.17","10.55M","-1.77%"
"11/09/2018","119.51","118.22","120.37","117.37","6.57M","0.13%"
"11/08/2018","119.36","120.65","121.87","118.96","9.53M","-1.25%"
"11/07/2018","120.87","120.00","121.12","119.02","4.85M","1.66%"
"11/06/2018","118.90","118.76","119.43","117.85","5.27M","-0.03%"
"11/05/2018","118.94","116.62","119.67","116.60","8.76M","3.67%"
"11/02/2018","114.73","114.85","117.11","113.12","9.89M","3.20%"
"11/01/2018","111.17","111.77","111.99","110.10","10.57M","-0.43%"
"10/31/2018","111.65","111.71","112.50","111.05","7.43M","0.72%"
"10/30/2018","110.85","109.62","111.15","108.15","7.52M","1.76%"
"10/29/2018","108.93","112.04","112.07","107.54","8.60M","-2.33%"
"10/26/2018","111.53","110.63","112.47","109.66","8.04M","-0.04%"
"10/25/2018","111.58","111.36","113.40","110.43","5.73M","1.24%"
"10/24/2018","110.21","113.72","114.17","110.07","8.04M","-2.81%"
"10/23/2018","113.40","115.72","115.72","112.05","8.10M","-3.25%"
"10/22/2018","117.21","118.10","118.49","116.48","5.64M","-0.79%"
"10/19/2018","118.14","117.37","119.26","117.37","7.94M","0.57%"
"10/18/2018","117.47","117.42","118.14","116.05","7.39M","0.15%"
"10/17/2018","117.29","117.21","117.69","116.02","6.98M","-0.19%"
"10/16/2018","117.51","117.09","117.68","116.34","4.85M","0.49%"
"10/15/2018","116.94","117.70","118.86","116.91","6.05M","-0.70%"
"10/12/2018","117.77","119.53","119.68","116.18","7.45M","-0.56%"
"10/11/2018","118.43","122.43","122.43","117.54","8.59M","-3.40%"
"10/10/2018","122.60","127.23","127.60","122.46","6.50M","-3.33%"
"10/09/2018","126.82","125.51","127.44","125.07","6.80M","1.59%"
"10/08/2018","124.84","124.05","125.46","123.83","6.27M","-0.39%"
"10/05/2018","125.33","124.93","125.90","124.74","4.32M","0.30%"
"10/04/2018","124.95","124.79","125.59","124.19","4.82M","-0.29%"
"10/03/2018","125.31","125.13","125.84","124.78","4.48M","0.46%"
"10/02/2018","124.74","125.07","125.76","124.32","5.45M","0.28%"
"10/01/2018","124.39","123.11","124.88","123.11","5.35M","1.73%"
"09/28/2018","122.28","121.99","123.21","121.76","5.20M","-0.16%"
"09/27/2018","122.47","122.16","123.00","121.71","4.53M","0.43%"
"09/26/2018","121.95","122.99","123.42","121.74","4.23M","-1.15%"
"09/25/2018","123.37","123.50","124.24","122.94","5.40M","0.61%"
"09/24/2018","122.62","121.91","122.98","121.57","6.53M","1.23%"
"09/21/2018","121.13","119.91","121.25","119.41","13.70M","1.43%"
"09/20/2018","119.42","120.19","121.32","119.11","5.85M","-0.08%"
"09/19/2018","119.51","118.33","120.04","118.12","4.86M","1.17%"
"09/18/2018","118.13","118.50","118.90","117.98","4.97M","0.53%"
"09/17/2018","117.51","117.61","118.68","117.28","5.56M","0.11%"
"09/14/2018","117.38","116.43","117.61","116.35","4.95M","0.93%"
"09/13/2018","116.30","116.01","116.52","115.08","6.30M","0.44%"
"09/12/2018","115.79","116.42","117.49","115.76","5.07M","0.67%"
"09/11/2018","115.02","114.34","115.74","113.76","5.61M","0.47%"
"09/10/2018","114.48","115.43","115.72","114.38","5.87M","-0.10%"
"09/07/2018","114.60","114.52","115.35","113.39","6.64M","-0.55%"
"09/06/2018","115.23","117.89","118.51","115.14","8.19M","-3.10%"
"09/05/2018","118.92","118.06","118.94","117.26","4.62M","0.04%"
"09/04/2018","118.87","118.93","119.63","118.34","4.59M","0.35%"
"08/31/2018","118.46","119.40","119.40","118.09","5.29M","-1.13%"
"08/30/2018","119.81","120.08","120.43","119.55","3.35M","-0.34%"
"08/29/2018","120.22","120.00","120.83","119.88","4.10M","0.30%"
"08/28/2018","119.86","120.60","121.34","119.75","4.69M","-0.41%"
"08/27/2018","120.35","119.36","120.48","119.17","3.90M","1.13%"
"08/24/2018","119.01","118.90","119.54","118.72","4.42M","0.77%"
"08/23/2018","118.10","118.39","118.82","117.70","3.96M","-0.69%"
"08/22/2018","118.92","118.54","119.46","118.42","3.64M","0.83%"
"08/21/2018","117.94","118.38","118.93","117.79","4.88M","0.16%"
"08/20/2018","117.75","118.00","118.32","117.33","5.40M","-0.04%"
"08/17/2018","117.80","118.15","118.58","117.09","6.11M","0.12%"
"08/16/2018","117.66","117.70","118.31","117.18","5.46M","-0.24%"
"08/15/2018","117.94","121.70","121.73","117.43","9.48M","-3.79%"
"08/14/2018","122.58","122.92","123.65","122.00","3.62M","0.11%"
"08/13/2018","122.44","123.31","123.68","122.26","4.36M","-0.73%"
"08/10/2018","123.34","122.17","123.52","121.50","6.13M","0.66%"
"08/09/2018","122.53","123.96","124.37","122.26","5.22M","-1.09%"
"08/08/2018","123.88","124.52","124.79","123.31","5.96M","-1.04%"
"08/07/2018","125.18","125.54","125.70","124.75","4.54M","0.71%"
"08/06/2018","124.30","124.42","124.94","123.54","4.46M","0.20%"
"08/03/2018","124.05","124.15","124.25","123.33","5.30M","0.23%"
"08/02/2018","123.76","124.44","124.81","123.30","4.64M","-1.30%"
"08/01/2018","125.39","125.31","125.92","124.75","4.66M","-0.70%"
"07/31/2018","126.27","128.00","128.55","126.13","5.89M","-1.22%"
"07/30/2018","127.83","126.76","128.41","126.22","5.73M","1.48%"
"07/27/2018","125.97","122.79","127.04","122.08","7.58M","1.63%"
"07/26/2018","123.95","124.70","125.38","123.80","5.54M","-0.76%"
"07/25/2018","124.90","123.62","125.23","123.27","4.27M","0.85%"
"07/24/2018","123.85","121.87","124.16","121.86","4.42M","2.08%"
"07/23/2018","121.33","122.35","123.07","121.16","5.36M","-0.77%"
"07/20/2018","122.27","121.25","122.35","121.01","5.40M","0.49%"
"07/19/2018","121.67","121.10","122.14","121.01","4.47M","0.12%"
"07/18/2018","121.53","121.24","121.67","119.67","6.06M","-0.31%"
"07/17/2018","121.91","122.36","122.96","121.80","4.14M","-0.87%"
"07/16/2018","122.98","123.01","123.88","121.88","4.32M","-0.85%"
"07/13/2018","124.04","124.20","124.88","123.63","3.35M","-0.18%"
"07/12/2018","124.26","124.44","124.95","123.59","3.75M","0.60%"
"07/11/2018","123.52","126.23","126.68","122.97","6.63M","-3.19%"
"07/10/2018","127.59","127.33","128.51","126.75","5.09M","1.27%"
"07/09/2018","125.99","125.00","126.28","124.69","4.60M","1.49%"
"07/06/2018","124.14","123.52","124.52","123.19","4.02M","0.13%"
"07/05/2018","123.98","126.11","126.25","123.82","5.93M","-0.60%"
"07/03/2018","124.73","125.46","126.69","124.55","3.92M","0.39%"
"07/02/2018","124.25","125.28","125.29","123.56","5.07M","-1.72%"
"06/29/2018","126.43","125.74","127.73","125.74","5.67M","0.61%"
"06/28/2018","125.66","126.54","126.86","125.00","3.81M","-0.27%"
"06/27/2018","126.00","125.15","127.42","125.06","6.34M","1.48%"
"06/26/2018","124.16","123.03","124.61","122.57","4.59M","1.26%"
"06/25/2018","122.61","124.43","124.64","121.93","5.80M","-1.99%"
"06/22/2018","125.10","125.41","126.57","124.82","8.91M","2.05%"
"06/21/2018","122.59","124.50","124.59","122.16","7.29M","-2.16%"
"06/20/2018","125.29","126.12","126.46","124.30","7.98M","-0.20%"
"06/19/2018","125.54","124.32","125.89","123.88","5.95M","-0.34%"
"06/18/2018","125.97","124.35","126.98","124.10","7.71M","1.56%"
"06/15/2018","124.04","127.10","127.12","123.84","13.22M","-1.95%"
"06/14/2018","126.51","127.38","127.96","126.38","5.06M","-0.44%"
"06/13/2018","127.07","126.81","127.82","126.09","6.32M","-0.01%"
"06/12/2018","127.08","127.64","128.38","126.33","4.54M","-0.38%"
"06/11/2018","127.56","126.77","128.19","125.86","6.09M","0.89%"
"06/08/2018","126.44","127.12","127.38","125.68","5.11M","-0.41%"
"06/07/2018","126.96","124.54","127.98","124.41","8.61M","2.90%"
"06/06/2018","123.38","123.12","123.69","122.06","6.21M","0.53%"
"06/05/2018","122.73","122.01","123.71","121.55","5.67M","0.38%"
"06/04/2018","122.26","124.53","125.41","122.17","5.76M","-1.28%"
"06/01/2018","123.85","125.49","125.55","123.43","5.75M","-0.36%"
"05/31/2018","124.30","124.08","124.82","123.46","7.46M","-0.69%"
"05/30/2018","125.16","122.65","125.67","122.34","7.13M","3.11%"
"05/29/2018","121.39","121.10","122.43","120.06","7.39M","-0.65%"
"05/25/2018","122.19","124.54","124.76","121.22","8.94M","-3.49%"
"05/24/2018","126.61","127.40","127.40","125.85","5.91M","-1.62%"
"05/23/2018","128.70","127.09","128.79","126.55","6.02M","0.37%"
"05/22/2018","128.23","129.09","130.39","128.10","5.44M","-0.88%"
"05/21/2018","129.37","128.79","129.41","128.27","5.08M","1.18%"
"05/18/2018","127.86","128.92","129.15","127.80","6.39M","-1.24%"
"05/17/2018","129.46","128.76","129.57","128.38","5.24M","-0.08%"
"05/16/2018","129.56","129.29","129.72","128.30","5.41M","-0.14%"
"05/15/2018","129.74","130.24","130.27","129.25","5.20M","-0.50%"
"05/14/2018","130.39","130.25","131.08","129.80","6.21M","0.42%"
"05/11/2018","129.84","129.39","130.76","128.52","8.09M","0.79%"
"05/10/2018","128.82","129.69","129.81","128.39","5.45M","0.08%"
"05/09/2018","128.72","128.42","130.42","128.09","11.44M","1.70%"
"05/08/2018","126.57","124.93","126.75","123.63","8.94M","1.30%"
"05/07/2018","124.94","126.59","128.40","124.44","7.00M","-0.47%"
"05/04/2018","125.53","125.21","126.84","124.71","5.40M","-0.38%"
"05/03/2018","126.01","124.59","126.12","123.83","6.73M","0.41%"
"05/02/2018","125.49","124.20","126.47","124.09","5.91M","0.50%"
"05/01/2018","124.86","124.03","124.92","123.08","7.09M","-0.20%"
"04/30/2018","125.11","127.02","127.90","125.05","7.63M","-1.19%"
"04/27/2018","126.62","125.50","127.05","124.68","8.84M","1.93%"
"04/26/2018","124.22","122.67","124.30","122.30","6.27M","1.22%"
"04/25/2018","122.72","122.34","122.90","121.12","5.33M","0.15%"
"04/24/2018","122.54","124.36","125.04","121.75","7.98M","-0.84%"
"04/23/2018","123.58","122.00","123.61","121.80","6.11M","1.04%"
"04/20/2018","122.31","123.38","123.46","121.46","7.56M","-1.13%"
"04/19/2018","123.71","123.97","125.00","123.21","7.16M","-0.09%"
"04/18/2018","123.82","122.46","124.89","122.40","9.13M","1.94%"
"04/17/2018","121.46","120.94","122.00","120.56","6.49M","0.63%"
"04/16/2018","120.70","120.60","121.71","119.77","4.60M","0.65%"
"04/13/2018","119.92","119.52","120.79","119.22","5.51M","0.58%"
"04/12/2018","119.23","119.71","120.67","118.65","6.70M","-0.02%"
"04/11/2018","119.25","118.69","119.38","117.75","6.25M","0.34%"
"04/10/2018","118.85","117.60","119.83","117.60","7.65M","2.47%"
"04/09/2018","115.98","115.30","117.17","114.88","6.93M","1.06%"
"04/06/2018","114.76","116.38","117.01","113.39","7.09M","-2.16%"
"04/05/2018","117.29","114.88","117.89","114.70","7.20M","2.45%"
"04/04/2018","114.48","113.05","114.79","112.43","5.73M","-0.30%"
"04/03/2018","114.83","112.52","114.98","112.09","6.72M","2.31%"
"04/02/2018","112.24","113.89","114.39","110.54","6.23M","-1.58%"
"03/29/2018","114.04","112.29","114.43","112.28","6.63M","1.73%"
"03/28/2018","112.10","114.93","115.26","112.06","6.99M","-2.23%"
"03/27/2018","114.66","115.75","116.86","113.98","5.53M","-0.60%"
"03/26/2018","115.35","114.24","115.58","113.25","6.87M","2.10%"
"03/23/2018","112.98","114.37","115.77","112.70","6.23M","-0.63%"
"03/22/2018","113.70","115.55","115.74","113.48","6.30M","-2.85%"
"03/21/2018","117.04","114.98","118.11","114.80","6.83M","2.22%"
"03/20/2018","114.50","114.55","115.70","114.44","4.59M","0.54%"
"03/19/2018","113.89","115.07","115.23","113.22","4.80M","-1.31%"
"03/16/2018","115.40","115.40","116.19","114.56","14.91M","-0.16%"
"03/15/2018","115.58","115.36","116.21","114.75","4.52M","0.39%"
"03/14/2018","115.13","116.98","117.45","114.86","5.05M","-1.14%"
"03/13/2018","116.46","117.23","118.18","116.00","6.79M","-0.28%"
"03/12/2018","116.79","117.50","118.35","116.56","6.88M","-0.37%"
"03/09/2018","117.22","114.31","117.39","114.24","8.83M","3.41%"
"03/08/2018","113.35","114.60","114.75","112.60","6.10M","-0.43%"
"03/07/2018","113.84","112.95","115.08","112.63","6.66M","0.17%"
"03/06/2018","113.65","113.85","115.52","113.02","7.96M","0.44%"
"03/05/2018","113.15","111.40","113.33","111.02","7.81M","1.35%"
"03/02/2018","111.64","111.50","112.18","109.83","6.61M","-0.36%"
"03/01/2018","112.04","111.53","113.90","110.97","7.52M","0.11%"
"02/28/2018","111.92","115.02","115.46","111.88","7.44M","-1.49%"
"02/27/2018","113.61","114.87","116.05","113.61","6.06M","-0.86%"
"02/26/2018","114.60","113.18","114.66","112.85","7.41M","1.79%"
"02/23/2018","112.59","110.46","112.74","110.25","6.46M","2.46%"
"02/22/2018","109.89","109.55","111.44","108.90","8.18M","0.76%"
"02/21/2018","109.06","111.14","112.06","109.06","6.89M","-1.73%"
"02/20/2018","110.98","112.28","112.76","110.58","6.81M","-1.03%"
"02/16/2018","112.14","112.35","112.94","111.21","5.95M","-0.35%"
"02/15/2018","112.53","112.86","113.02","110.84","5.40M","-0.97%"
"02/14/2018","113.63","112.50","114.05","111.40","7.03M","0.30%"
"02/13/2018","113.29","113.34","113.61","111.86","7.07M","-0.61%"
"02/12/2018","113.98","114.80","115.85","112.91","8.36M","0.42%"
"02/09/2018","113.50","113.34","114.62","109.50","10.92M","1.07%"
"02/08/2018","112.30","115.17","115.89","112.21","9.93M","-2.59%"
"02/07/2018","115.29","117.40","119.27","115.23","11.54M","-1.61%"
"02/06/2018","117.18","111.20","117.63","110.76","18.42M","4.05%"
"02/05/2018","112.62","116.99","118.30","108.02","15.41M","-5.03%"
"02/02/2018","118.58","123.95","123.95","117.64","13.18M","-5.57%"
"02/01/2018","125.57","125.60","125.63","124.06","7.84M","0.18%"
"01/31/2018","125.35","125.42","125.81","124.05","9.63M","0.10%"
"01/30/2018","125.23","127.61","128.01","125.19","8.08M","-2.53%"
"01/29/2018","128.48","130.06","131.58","128.32","6.35M","-2.07%"
"01/26/2018","131.19","130.71","131.75","130.37","6.31M","0.41%"
"01/25/2018","130.65","131.76","131.87","130.34","4.60M","-0.56%"
"01/24/2018","131.39","131.38","132.67","131.07","6.87M","0.28%"
"01/23/2018","131.02","132.38","132.56","130.73","5.75M","-1.16%"
"01/22/2018","132.56","131.30","132.56","131.28","5.25M","0.96%"
"01/19/2018","131.30","131.83","132.00","130.21","6.05M","-0.22%"
"01/18/2018","131.59","132.35","132.50","131.03","5.89M","-0.58%"
"01/17/2018","132.36","132.19","132.80","130.96","5.63M","0.27%"
"01/16/2018","132.01","133.67","133.88","131.60","6.25M","-1.19%"
"01/12/2018","133.60","132.19","133.85","132.11","7.23M","0.78%"
"01/11/2018","132.57","128.92","133.32","128.76","11.64M","3.04%"
"01/10/2018","128.66","128.31","128.76","127.80","5.29M","0.64%"
"01/09/2018","127.84","128.43","128.94","127.79","4.42M","-0.54%"
"01/08/2018","128.53","127.86","128.63","127.63","4.83M","0.49%"
"01/05/2018","127.90","127.97","128.10","127.10","4.19M","-0.16%"
"01/04/2018","128.11","127.95","128.35","127.22","4.60M","-0.31%"
"01/03/2018","128.51","127.46","128.94","126.90","5.81M","0.73%"
"01/02/2018","127.58","125.71","127.74","125.54","5.63M","1.91%"
"12/29/2017","125.19","125.36","125.98","125.19","3.83M","-0.31%"
"12/28/2017","125.58","125.69","125.89","125.29","2.19M","0.02%"
"12/27/2017","125.55","125.96","126.20","125.13","3.45M","-0.34%"
"12/26/2017","125.98","125.23","126.14","125.05","3.35M","0.80%"
"12/22/2017","124.98","124.85","125.65","124.57","4.74M","0.13%"
"12/21/2017","124.82","121.39","125.35","121.07","10.11M","3.25%"
"12/20/2017","120.89","120.28","121.30","119.65","6.29M","0.88%"
"12/19/2017","119.84","120.32","120.75","119.51","4.60M","0.12%"
"12/18/2017","119.70","119.92","121.29","119.62","4.65M","-0.03%"
"12/15/2017","119.73","120.44","120.47","119.51","11.23M","0.17%"
"12/14/2017","119.53","119.81","120.28","119.50","3.74M","-0.33%"
"12/13/2017","119.93","119.43","120.17","118.68","4.40M","0.21%"
"12/12/2017","119.68","120.63","120.74","119.56","4.30M","-0.61%"
"12/11/2017","120.42","120.29","121.11","120.12","5.93M","0.42%"
"12/08/2017","119.92","120.01","120.24","119.10","4.12M","0.24%"
"12/07/2017","119.63","120.00","120.10","118.96","4.91M","0.02%"
"12/06/2017","119.61","120.30","120.88","119.52","4.85M","-0.65%"
"12/05/2017","120.39","120.77","121.40","120.15","4.38M","-0.37%"
"12/04/2017","120.84","119.81","122.30","119.37","7.37M","1.11%"
"12/01/2017","119.51","119.81","120.46","118.52","6.83M","0.44%"
"11/30/2017","118.99","117.26","119.15","117.23","7.90M","1.54%"
"11/29/2017","117.18","116.20","117.25","115.83","3.66M","0.63%"
"11/28/2017","116.45","115.92","116.81","115.74","4.00M","0.74%"
"11/27/2017","115.59","115.85","116.03","115.24","4.49M","-0.79%"
"11/24/2017","116.51","116.55","116.85","116.31","1.74M","0.52%"
"11/22/2017","115.91","115.49","116.78","115.32","3.95M","0.64%"
"11/21/2017","115.17","115.14","115.86","114.92","4.60M","0.39%"
"11/20/2017","114.72","114.77","115.03","114.44","4.63M","0.01%"
"11/17/2017","114.71","114.67","114.99","113.90","4.34M","0.12%"
"11/16/2017","114.57","115.25","115.82","114.38","5.89M","-1.61%"
"11/15/2017","116.45","116.21","117.23","116.07","5.37M","-0.40%"
"11/14/2017","116.92","116.82","117.25","116.25","7.00M","-0.26%"
"11/13/2017","117.23","117.22","117.77","116.68","4.28M","0.04%"
"11/10/2017","117.18","116.71","117.31","116.10","5.16M","-0.05%"
"11/09/2017","117.24","115.90","117.50","115.62","5.10M","0.49%"
"11/08/2017","116.67","116.78","117.15","115.90","5.09M","-0.49%"
"11/07/2017","117.24","117.38","118.00","116.48","5.22M","0.17%"
"11/06/2017","117.04","115.37","117.16","114.99","5.95M","1.78%"
"11/03/2017","114.99","115.48","115.75","114.73","4.10M","-0.29%"
"11/02/2017","115.33","116.21","116.47","114.70","4.33M","-0.49%"
"11/01/2017","115.90","116.30","116.97","115.35","5.03M","0.01%"
"10/31/2017","115.89","114.45","116.38","113.82","7.15M","1.31%"
"10/30/2017","114.39","113.17","115.10","112.84","7.52M","0.75%"
"10/27/2017","113.54","116.13","116.40","112.57","14.53M","-4.14%"
"10/26/2017","118.44","118.78","119.00","118.14","4.09M","0.00%"
"10/25/2017","118.44","119.00","119.44","118.14","4.55M","-0.66%"
"10/24/2017","119.23","119.48","119.92","119.07","4.47M","0.25%"
"10/23/2017","118.93","118.72","119.30","118.45","3.87M","0.24%"
"10/20/2017","118.64","118.61","118.78","118.07","4.92M","0.37%"
"10/19/2017","118.20","118.06","118.74","117.95","4.58M","0.04%"
"10/18/2017","118.15","119.40","120.02","117.99","5.51M","-1.72%"
"10/17/2017","120.22","120.23","120.74","119.83","4.84M","0.07%"
"10/16/2017","120.13","119.84","120.89","119.43","5.50M","0.81%"
"10/13/2017","119.16","119.79","120.00","119.07","4.64M","0.02%"
"10/12/2017","119.14","118.49","119.65","118.31","3.93M","-0.16%"
"10/11/2017","119.33","119.21","119.52","118.58","3.93M","0.45%"
"10/10/2017","118.80","118.40","119.81","118.29","5.68M","0.93%"
"10/09/2017","117.71","117.34","118.08","117.01","2.95M","0.58%"
"10/06/2017","117.03","117.95","118.15","116.80","3.53M","-1.31%"
"10/05/2017","118.58","117.45","118.69","117.33","5.47M","0.85%"
"10/04/2017","117.58","117.82","117.87","117.13","3.44M","-0.20%"
"10/03/2017","117.82","117.08","118.25","117.01","3.89M","0.33%"
"10/02/2017","117.43","116.42","117.79","115.53","4.29M","-0.06%"
"09/29/2017","117.50","117.17","117.52","116.73","4.87M","-0.10%"
"09/28/2017","117.62","117.17","118.13","117.02","4.95M","0.14%"
"09/27/2017","117.45","117.46","117.60","116.77","3.93M","-0.06%"
"09/26/2017","117.52","117.79","118.03","117.25","4.87M","-0.40%"
"09/25/2017","117.99","117.23","118.33","117.02","5.98M","0.60%"
"09/22/2017","117.29","116.41","117.83","116.27","5.31M","0.70%"
"09/21/2017","116.47","116.22","116.52","115.83","4.33M","0.09%"
"09/20/2017","116.37","116.50","117.15","116.19","5.38M","0.03%"
"09/19/2017","116.34","115.25","116.42","115.19","6.19M","1.00%"
"09/18/2017","115.19","114.42","115.22","114.32","4.95M","0.49%"
"09/15/2017","114.63","114.83","114.91","113.63","8.39M","0.16%"
"09/14/2017","114.45","114.26","115.34","114.18","5.82M","0.24%"
"09/13/2017","114.18","112.49","114.32","112.28","5.89M","1.50%"
"09/12/2017","112.49","112.82","112.95","111.86","5.11M","-0.03%"
"09/11/2017","112.52","111.83","112.57","111.52","5.97M","1.57%"
"09/08/2017","110.78","111.59","111.75","110.53","4.03M","-0.91%"
"09/07/2017","111.80","112.18","112.87","111.36","5.94M","0.01%"
"09/06/2017","111.79","110.00","112.23","109.80","8.58M","2.15%"
"09/05/2017","109.44","109.36","110.26","108.70","5.52M","0.63%"
"09/01/2017","108.76","107.68","109.16","107.51","3.66M","1.06%"
"08/31/2017","107.62","108.00","108.23","107.50","5.51M","-0.10%"
"08/30/2017","107.73","107.58","107.84","107.10","3.13M","-0.12%"
"08/29/2017","107.86","107.43","108.05","107.04","3.23M","0.09%"
"08/28/2017","107.76","108.54","108.59","107.27","3.68M","-0.43%"
"08/25/2017","108.23","107.82","108.71","107.52","4.38M","0.74%"
"08/24/2017","107.44","106.50","107.67","106.33","5.06M","0.78%"
"08/23/2017","106.61","106.21","107.06","106.11","4.19M","0.24%"
"08/22/2017","106.36","105.99","106.92","105.81","5.63M","0.55%"
"08/21/2017","105.78","106.48","106.48","105.30","3.56M","-0.66%"
"08/18/2017","106.48","105.84","107.34","105.50","5.47M","0.53%"
"08/17/2017","105.92","106.61","106.87","105.91","5.87M","-0.86%"
"08/16/2017","106.84","107.63","107.92","106.69","4.19M","-1.59%"
"08/15/2017","108.57","108.75","108.90","107.53","5.31M","-0.13%"
"08/14/2017","108.71","109.26","109.82","108.32","4.29M","-0.48%"
"08/11/2017","109.23","110.20","110.49","109.13","3.38M","-0.80%"
"08/10/2017","110.11","111.23","111.44","110.03","4.95M","-0.70%"
"08/09/2017","110.89","110.74","111.41","110.26","3.97M","0.49%"
"08/08/2017","110.35","110.00","110.71","109.77","4.11M","0.52%"
"08/07/2017","109.78","109.81","110.29","109.58","4.76M","-0.30%"
"08/04/2017","110.11","109.43","110.20","109.43","4.64M","0.62%"
"08/03/2017","109.43","110.23","110.45","109.05","5.61M","-0.93%"
"08/02/2017","110.46","110.39","111.19","109.85","6.21M","-0.29%"
"08/01/2017","110.78","109.54","110.97","109.42","8.16M","1.46%"
"07/31/2017","109.19","108.39","110.00","108.15","7.56M","0.99%"
"07/28/2017","108.12","106.71","109.13","106.36","7.81M","1.89%"
"07/27/2017","106.11","104.88","106.32","104.61","5.89M","0.94%"
"07/26/2017","105.12","104.63","106.08","104.20","5.88M","0.70%"
"07/25/2017","104.39","104.45","105.15","104.32","7.09M","1.15%"
"07/24/2017","103.20","103.18","103.57","102.92","4.08M","-0.05%"
"07/21/2017","103.25","104.18","104.38","103.15","5.30M","-1.32%"
"07/20/2017","104.63","105.00","105.37","103.81","5.37M","0.16%"
"07/19/2017","104.46","103.56","104.48","103.51","4.93M","0.71%"
"07/18/2017","103.72","104.60","104.60","103.51","4.34M","-0.47%"
"07/17/2017","104.21","104.32","104.97","104.08","5.57M","-0.22%"
"07/14/2017","104.44","104.38","104.64","103.73","3.64M","0.30%"
"07/13/2017","104.13","103.80","104.21","103.46","4.44M","0.23%"
"07/12/2017","103.89","104.00","104.75","103.47","3.98M","0.75%"
"07/11/2017","103.12","103.15","103.50","102.55","4.32M","0.08%"
"07/10/2017","103.04","103.44","103.58","102.60","4.63M","-0.43%"
"07/07/2017","103.49","103.59","103.76","102.81","6.46M","-0.32%"
"07/06/2017","103.82","104.67","105.13","103.71","5.08M","-0.76%"
"07/05/2017","104.62","105.99","106.30","104.27","4.48M","-1.58%"
"07/03/2017","106.30","104.24","106.96","104.24","4.42M","1.89%"
"06/30/2017","104.33","104.53","104.72","103.89","5.50M","0.20%"
"06/29/2017","104.12","104.38","105.15","104.05","4.29M","-0.15%"
"06/28/2017","104.28","104.43","104.90","104.04","4.16M","0.20%"
"06/27/2017","104.07","104.73","104.89","104.03","4.17M","-0.07%"
"06/26/2017","104.14","105.03","105.19","104.03","3.60M","-0.82%"
"06/23/2017","105.00","104.25","105.42","104.24","5.77M","0.53%"
"06/22/2017","104.45","104.48","105.14","104.04","4.20M","-0.04%"
"06/21/2017","104.49","105.89","106.90","103.92","6.99M","-1.87%"
"06/20/2017","106.48","106.25","106.60","105.38","5.17M","-0.91%"
"06/19/2017","107.46","108.31","108.38","107.14","4.58M","-0.82%"
"06/16/2017","108.35","106.94","108.36","106.21","11.63M","1.90%"
"06/15/2017","106.33","106.50","106.80","105.87","5.44M","-0.25%"
"06/14/2017","106.60","107.91","107.99","105.74","6.20M","-1.41%"
"06/13/2017","108.13","108.34","108.49","107.16","6.10M","0.08%"
"06/12/2017","108.04","107.42","108.43","107.28","8.69M","1.54%"
"06/09/2017","106.40","104.01","106.49","104.01","6.60M","2.31%"
"06/08/2017","104.00","103.44","104.74","103.44","6.49M","0.22%"
"06/07/2017","103.77","103.97","104.43","102.55","7.20M","-0.38%"
"06/06/2017","104.17","103.11","104.45","102.76","4.68M","0.95%"
"06/05/2017","103.19","102.80","103.58","102.63","4.52M","0.08%"
"06/02/2017","103.11","103.82","103.94","102.77","5.86M","-1.11%"
"06/01/2017","104.27","103.69","104.28","103.43","4.77M","0.76%"
"05/31/2017","103.48","103.55","103.89","103.07","8.04M","-0.56%"
"05/30/2017","104.06","104.35","104.71","103.75","4.29M","-0.63%"
"05/26/2017","104.72","105.05","105.28","104.60","3.75M","-0.37%"
"05/25/2017","105.11","106.10","106.71","104.72","5.29M","-1.05%"
"05/24/2017","106.22","106.10","106.36","105.72","3.48M","-0.05%"
"05/23/2017","106.27","106.07","106.56","105.98","3.46M","0.14%"
"05/22/2017","106.12","107.09","107.09","105.75","4.49M","-0.38%"
"05/19/2017","106.52","105.52","106.52","105.17","8.38M","1.28%"
"05/18/2017","105.17","104.55","105.68","103.84","5.62M","0.45%"
"05/17/2017","104.70","105.53","106.27","104.62","6.38M","-2.38%"
"05/16/2017","107.25","107.57","107.66","106.94","5.00M","0.37%"
"05/15/2017","106.85","107.15","107.71","106.67","6.65M","0.84%"
"05/12/2017","105.96","106.06","106.29","105.48","4.49M","-0.24%"
"05/11/2017","106.21","107.08","107.08","105.63","4.63M","-0.27%"
"05/10/2017","106.50","105.82","106.83","105.54","5.58M","1.35%"
"05/09/2017","105.08","106.51","106.75","104.81","5.02M","-1.50%"
"05/08/2017","106.68","105.93","106.72","105.82","5.18M","0.84%"
"05/05/2017","105.79","104.92","105.89","104.70","5.06M","0.94%"
"05/04/2017","104.81","106.24","106.33","104.14","8.04M","-1.79%"
"05/03/2017","106.72","105.36","107.26","105.13","5.66M","1.29%"
"05/02/2017","105.36","106.11","106.53","105.09","5.11M","-0.53%"
"05/01/2017","105.92","106.26","106.73","105.76","4.96M","-0.73%"
"04/28/2017","106.70","107.05","107.60","105.99","6.85M","1.17%"
"04/27/2017","105.47","105.96","105.98","104.67","5.78M","-0.58%"
"04/26/2017","106.08","106.40","107.48","105.97","6.69M","-0.61%"
"04/25/2017","106.73","106.30","106.97","106.18","4.62M","0.76%"
"04/24/2017","105.93","105.79","106.41","105.37","4.54M","0.99%"
"04/21/2017","104.89","104.80","105.43","104.29","5.43M","0.01%"
"04/20/2017","104.88","104.40","105.69","104.36","4.99M","0.62%"
"04/19/2017","104.23","105.89","106.14","103.83","6.67M","-1.37%"
"04/18/2017","105.68","105.81","106.68","105.32","4.25M","-0.46%"
"04/17/2017","106.17","106.17","106.48","105.65","5.28M","0.07%"
"04/13/2017","106.10","108.64","108.73","105.93","6.89M","-2.63%"
"04/12/2017","108.97","109.36","109.36","108.45","5.05M","0.00%"
"04/11/2017","108.97","109.53","109.54","108.06","3.96M","-0.42%"
"04/10/2017","109.43","109.12","110.20","108.97","4.81M","0.52%"
"04/07/2017","108.86","109.38","109.58","108.67","4.89M","-0.39%"
"04/06/2017","109.29","109.12","109.65","108.75","3.93M","0.60%"
"04/05/2017","108.64","109.65","110.67","108.56","6.40M","-0.02%"
"04/04/2017","108.66","107.88","108.72","107.01","4.69M","0.80%"
"04/03/2017","107.80","107.22","107.97","106.38","5.80M","0.40%"
"03/31/2017","107.37","107.70","108.14","107.05","6.16M","-0.38%"
"03/30/2017","107.78","108.15","108.68","107.20","6.80M","-0.27%"
"03/29/2017","108.07","106.95","108.08","106.88","4.92M","0.84%"
"03/28/2017","107.17","106.28","107.74","106.12","6.33M","0.84%"
"03/27/2017","106.28","107.00","107.35","105.82","6.48M","-1.58%"
"03/24/2017","107.99","107.93","108.42","107.70","6.34M","0.11%"
"03/23/2017","107.87","108.29","108.86","107.75","5.45M","-0.48%"
"03/22/2017","108.39","107.65","108.85","107.52","8.11M","0.32%"
"03/21/2017","108.04","108.06","108.23","107.40","7.41M","0.35%"
"03/20/2017","107.66","107.27","107.85","107.02","5.30M","-0.02%"
"03/17/2017","107.68","108.00","108.42","107.68","14.35M","-0.17%"
"03/16/2017","107.86","108.81","108.88","107.44","8.89M","-0.94%"
"03/15/2017","108.88","108.08","108.98","107.54","9.47M","1.42%"
"03/14/2017","107.36","108.47","108.57","107.12","9.94M","-1.82%"
"03/13/2017","109.35","110.51","110.81","109.31","6.37M","-1.14%"
"03/10/2017","110.61","111.40","111.41","109.44","6.56M","0.52%"
"03/09/2017","110.04","109.31","110.17","108.51","7.25M","0.39%"
"03/08/2017","109.61","111.68","111.92","109.40","9.07M","-1.97%"
"03/07/2017","111.81","113.54","113.88","111.69","6.66M","-1.20%"
"03/06/2017","113.17","113.25","113.50","112.67","4.73M","-0.33%"
"03/03/2017","113.55","113.76","113.89","113.21","4.91M","0.17%"
"03/02/2017","113.36","113.67","114.27","113.31","5.89M","-0.46%"
"03/01/2017","113.88","112.92","114.39","112.88","7.35M","1.23%"
"02/28/2017","112.50","111.66","112.76","111.49","7.03M","0.67%"
"02/27/2017","111.75","110.65","112.27","110.37","7.28M","1.48%"
"02/24/2017","110.12","110.90","111.02","109.47","6.19M","-0.81%"
"02/23/2017","111.02","111.34","111.83","110.75","8.66M","0.58%"
"02/22/2017","110.38","111.19","111.78","110.31","5.73M","-1.20%"
"02/21/2017","111.72","110.73","112.31","110.60","6.62M","1.26%"
"02/17/2017","110.33","110.42","110.57","109.27","8.11M","-0.32%"
"02/16/2017","110.68","112.99","112.99","110.43","9.48M","-1.68%"
"02/15/2017","112.57","112.21","113.24","112.21","7.05M","0.04%"
"02/14/2017","112.52","112.68","113.07","111.78","5.81M","-1.22%"
"02/13/2017","113.91","113.36","113.99","113.05","4.86M","0.76%"
"02/10/2017","113.05","112.75","113.45","112.37","6.19M","0.70%"
"02/09/2017","112.26","111.91","112.63","111.69","4.61M","0.61%"
"02/08/2017","111.58","111.13","111.79","110.32","5.19M","0.17%"
"02/07/2017","111.39","112.98","113.10","111.11","6.04M","-1.41%"
"02/06/2017","112.98","113.28","113.50","112.45","5.64M","-0.52%"
"02/03/2017","113.57","112.41","114.28","112.14","6.62M","1.21%"
"02/02/2017","112.21","111.17","112.24","110.71","6.29M","1.09%"
"02/01/2017","111.00","111.20","111.78","110.84","5.89M","-0.31%"
"01/31/2017","111.35","111.89","112.20","110.76","7.95M","-0.42%"
"01/30/2017","111.82","113.15","113.80","110.72","8.25M","-1.73%"
"01/27/2017","113.79","113.53","114.70","112.85","11.70M","-2.37%"
"01/26/2017","116.55","117.50","117.82","116.50","6.94M","-0.59%"
"01/25/2017","117.24","116.90","117.43","116.34","5.28M","0.75%"
"01/24/2017","116.37","115.85","117.11","115.61","5.02M","0.85%"
"01/23/2017","115.39","115.12","115.96","114.99","5.10M","-0.18%"
"01/20/2017","115.60","116.32","116.75","115.34","6.73M","0.02%"
"01/19/2017","115.58","115.89","115.96","115.29","3.43M","-0.31%"
"01/18/2017","115.94","115.68","116.04","115.40","4.86M","-0.29%"
"01/17/2017","116.28","116.40","116.77","116.11","4.67M","-0.09%"
"01/13/2017","116.38","115.86","116.88","115.61","4.95M","0.19%"
"01/12/2017","116.16","116.50","116.99","115.41","4.94M","0.20%"
"01/11/2017","115.93","115.15","116.45","114.86","6.16M","0.84%"
"01/10/2017","114.96","115.56","116.39","114.89","6.18M","-0.76%"
"01/09/2017","115.84","116.29","116.36","115.11","6.89M","-0.86%"
"01/06/2017","116.84","117.45","117.58","116.38","4.76M","-0.40%"
"01/05/2017","117.31","118.00","118.48","116.72","5.93M","-0.43%"
"01/04/2017","117.82","118.41","118.65","117.60","6.68M","-0.03%"
"01/03/2017","117.85","118.38","119.00","116.59","7.40M","0.13%"
"12/30/2016","117.70","117.44","118.24","117.31","5.02M","-0.10%"
"12/29/2016","117.82","118.01","118.42","117.48","3.21M","-0.08%"
"12/28/2016","117.91","118.31","118.86","117.75","4.09M","-0.26%"
"12/27/2016","118.22","118.50","118.90","118.11","2.99M","-0.17%"
"12/23/2016","118.42","118.41","118.69","118.05","2.68M","-0.29%"
"12/22/2016","118.77","117.94","118.99","117.77","4.99M","0.73%"
"12/21/2016","117.91","118.34","119.00","117.86","5.02M","-0.03%"
"12/20/2016","117.95","117.85","118.63","117.67","4.32M","0.25%"
"12/19/2016","117.65","118.37","118.45","117.42","5.77M","-0.36%"
"12/16/2016","118.08","117.84","118.58","117.42","13.75M","0.88%"
"12/15/2016","117.05","115.63","117.39","115.36","7.46M","0.94%"
"12/14/2016","115.96","116.71","117.88","115.76","7.88M","-1.24%"
"12/13/2016","117.42","117.90","118.31","116.03","8.64M","0.23%"
"12/12/2016","117.15","117.77","118.99","116.57","10.04M","1.16%"
"12/09/2016","115.81","114.99","115.99","114.97","5.77M","0.56%"
"12/08/2016","115.17","114.73","115.40","114.20","5.52M","0.64%"
"12/07/2016","114.44","113.04","114.48","112.82","6.43M","1.49%"
"12/06/2016","112.76","112.39","113.48","112.21","6.03M","-0.43%"
"12/05/2016","113.25","113.39","114.48","113.03","6.91M","0.22%"
"12/02/2016","113.00","113.20","113.81","112.28","6.17M","-0.26%"
"12/01/2016","113.29","112.79","114.91","112.53","11.79M","1.55%"
"11/30/2016","111.56","112.05","112.98","111.30","17.30M","2.03%"
"11/29/2016","109.34","109.10","109.72","108.40","7.46M","-1.05%"
"11/28/2016","110.50","110.95","111.57","110.38","6.41M","-0.45%"
"11/25/2016","111.00","110.54","111.22","110.12","3.24M","0.00%"
"11/23/2016","111.00","110.40","111.47","110.04","4.49M","0.34%"
"11/22/2016","110.62","110.79","111.00","109.31","6.44M","0.40%"
"11/21/2016","110.18","110.36","111.00","110.07","8.48M","0.90%"
"11/18/2016","109.20","108.57","109.67","108.15","6.82M","1.00%"
"11/17/2016","108.12","109.00","110.10","107.59","6.64M","-0.21%"
"11/16/2016","108.35","108.20","109.00","107.74","7.72M","-0.56%"
"11/15/2016","108.96","107.49","109.06","107.40","12.16M","2.22%"
"11/14/2016","106.59","106.15","106.73","105.59","7.66M","-0.05%"
"11/11/2016","106.64","107.48","107.65","105.94","7.94M","-1.07%"
"11/10/2016","107.79","107.54","108.50","107.24","8.74M","0.14%"
"11/09/2016","107.64","106.04","108.26","105.69","9.16M","0.33%"
"11/08/2016","107.29","106.57","108.19","106.42","8.05M","0.41%"
"11/07/2016","106.85","106.00","106.98","105.78","7.33M","1.98%"
"11/04/2016","104.78","105.25","105.49","104.38","7.09M","-0.58%"
"11/03/2016","105.39","105.53","106.19","104.95","5.70M","0.00%"
"11/02/2016","105.39","105.65","106.05","104.25","8.41M","-1.02%"
"11/01/2016","106.48","105.51","106.74","105.45","12.76M","1.65%"
"10/31/2016","104.75","103.82","105.46","103.78","12.34M","0.90%"
"10/28/2016","103.82","101.12","105.03","100.95","17.44M","3.90%"
"10/27/2016","99.92","101.51","101.98","99.92","9.90M","-1.26%"
"10/26/2016","101.19","100.32","101.53","99.87","6.35M","0.42%"
"10/25/2016","100.77","100.75","101.67","100.52","4.73M","0.11%"
"10/24/2016","100.66","101.56","101.58","100.06","6.08M","-0.63%"
"10/21/2016","101.30","101.06","101.56","100.63","5.62M","-0.56%"
"10/20/2016","101.87","101.64","102.22","100.69","4.82M","-0.39%"
"10/19/2016","102.27","102.47","103.69","102.24","5.91M","0.47%"
"10/18/2016","101.79","101.99","102.25","101.12","4.72M","0.42%"
"10/17/2016","101.36","100.94","101.48","100.62","4.54M","0.28%"
"10/14/2016","101.08","101.48","101.96","100.61","5.11M","0.29%"
"10/13/2016","100.79","101.49","101.72","99.61","7.88M","-1.33%"
"10/12/2016","102.15","102.74","102.83","101.60","4.94M","-0.86%"
"10/11/2016","103.04","103.78","104.10","102.68","5.34M","-0.90%"
"10/10/2016","103.98","103.21","104.42","103.21","5.98M","1.67%"
"10/07/2016","102.27","102.50","103.47","102.19","5.84M","0.09%"
"10/06/2016","102.18","102.32","102.70","101.34","4.36M","-0.05%"
"10/05/2016","102.23","101.99","102.86","101.75","5.91M","0.95%"
"10/04/2016","101.27","102.71","102.92","100.76","6.51M","-1.15%"
"10/03/2016","102.45","102.55","102.83","101.91","4.33M","-0.46%"
"09/30/2016","102.92","101.83","103.60","101.23","9.43M","1.63%"
"09/29/2016","101.27","102.00","102.27","100.48","8.15M","-0.86%"
"09/28/2016","102.15","99.52","102.28","98.75","10.19M","3.20%"
"09/27/2016","98.98","98.24","99.66","97.79","6.48M","0.20%"
"09/26/2016","98.78","99.49","100.28","98.66","5.78M","-0.44%"
"09/23/2016","99.22","99.34","100.55","98.87","7.40M","-0.76%"
"09/22/2016","99.98","100.52","100.75","99.84","5.42M","0.35%"
"09/21/2016","99.63","98.35","99.69","98.25","6.36M","1.98%"
"09/20/2016","97.70","98.17","98.48","97.68","5.77M","-0.35%"
"09/19/2016","98.04","98.33","98.85","97.99","6.18M","0.20%"
"09/16/2016","97.84","98.33","98.81","97.53","12.73M","-1.67%"
"09/15/2016","99.50","98.50","100.39","98.43","6.76M","1.10%"
"09/14/2016","98.42","99.12","99.95","98.17","8.20M","-1.02%"
"09/13/2016","99.43","101.65","101.65","99.17","9.30M","-2.76%"
"09/12/2016","102.25","101.20","102.55","100.57","8.15M","0.97%"
"09/09/2016","101.27","103.35","103.41","101.23","7.81M","-2.74%"
"09/08/2016","104.12","103.34","104.34","102.47","5.79M","1.21%"
"09/07/2016","102.88","102.75","103.05","102.24","5.28M","0.44%"
"09/06/2016","102.43","101.21","102.61","100.97","5.43M","1.49%"
"09/02/2016","100.93","100.89","101.46","100.26","4.68M","0.72%"
"09/01/2016","100.21","100.35","100.58","99.47","6.04M","-0.37%"
"08/31/2016","100.58","101.20","101.33","99.92","6.25M","-1.10%"
"08/30/2016","101.70","102.30","102.63","101.37","3.71M","-0.34%"
"08/29/2016","102.05","101.24","102.23","101.00","4.03M","0.72%"
"08/26/2016","101.32","102.11","102.48","100.86","4.78M","-0.56%"
"08/25/2016","101.89","102.29","102.29","101.53","4.49M","-0.30%"
"08/24/2016","102.20","101.40","102.29","101.28","5.18M","0.51%"
"08/23/2016","101.68","102.03","102.17","101.50","4.93M","-0.26%"
"08/22/2016","101.94","101.75","102.40","101.24","5.49M","-0.37%"
"08/19/2016","102.32","103.07","103.13","102.12","5.06M","-1.19%"
"08/18/2016","103.55","102.63","103.60","102.06","6.94M","1.30%"
"08/17/2016","102.22","101.50","102.30","101.02","5.31M","-0.39%"
"08/16/2016","102.62","102.77","102.93","102.33","5.38M","-0.15%"
"08/15/2016","102.77","102.61","103.06","102.42","4.89M","0.60%"
"08/12/2016","102.16","101.74","102.33","101.26","5.20M","0.75%"
"08/11/2016","101.40","100.65","101.86","100.39","4.84M","1.26%"
"08/10/2016","100.14","101.65","101.81","99.94","5.08M","-1.16%"
"08/09/2016","101.32","101.85","102.00","100.77","4.96M","0.12%"
"08/08/2016","101.20","100.99","101.68","100.72","5.45M","0.69%"
"08/05/2016","100.51","100.99","101.07","99.72","6.71M","0.12%"
"08/04/2016","100.39","100.28","101.08","100.00","6.09M","-0.22%"
"08/03/2016","100.61","99.65","100.64","99.29","6.61M","1.02%"
"08/02/2016","99.59","99.52","100.07","97.91","9.75M","0.48%"
"08/01/2016","99.11","101.33","102.10","98.61","11.55M","-3.29%"
"07/29/2016","102.48","100.53","102.66","99.85","10.16M","0.68%"
"07/28/2016","101.79","102.09","102.22","100.98","8.23M","-0.46%"
"07/27/2016","102.26","102.68","103.32","101.80","5.41M","-0.41%"
"07/26/2016","102.68","102.57","103.16","102.08","6.10M","-0.38%"
"07/25/2016","103.07","104.86","105.11","102.78","7.78M","-2.45%"
"07/22/2016","105.66","105.68","106.00","105.20","5.26M","0.26%"
"07/21/2016","105.39","105.40","105.85","104.87","6.06M","-0.19%"
"07/20/2016","105.59","105.93","106.13","105.00","6.80M","-0.42%"
"07/19/2016","106.04","105.98","106.27","105.65","4.63M","-0.05%"
"07/18/2016","106.09","106.67","106.75","106.02","4.93M","-0.88%"
"07/15/2016","107.03","107.33","107.54","106.39","6.16M","0.31%"
"07/14/2016","106.70","107.20","107.58","106.43","4.75M","0.05%"
"07/13/2016","106.65","106.78","107.20","105.86","5.96M","-0.12%"
"07/12/2016","106.78","106.30","107.30","106.18","8.38M","1.32%"
"07/11/2016","105.39","104.81","106.00","104.80","7.21M","0.59%"
"07/08/2016","104.77","103.88","104.97","103.00","9.04M","1.67%"
"07/07/2016","103.05","104.89","105.00","102.14","7.71M","-1.46%"
"07/06/2016","104.58","103.26","104.60","102.46","6.17M","0.98%"
"07/05/2016","103.57","103.50","103.87","102.84","7.77M","-0.56%"
"07/01/2016","104.15","104.78","104.88","103.78","6.12M","-0.65%"
"06/30/2016","104.83","103.56","105.00","103.28","7.65M","1.36%"
"06/29/2016","103.42","102.52","104.68","102.30","8.89M","1.76%"
"06/28/2016","101.63","101.22","102.00","100.64","7.17M","1.27%"
"06/27/2016","100.36","101.25","101.40","99.52","8.36M","-1.51%"
"06/24/2016","101.90","101.46","103.01","101.17","11.48M","-2.43%"
"06/23/2016","104.44","103.45","104.45","103.07","5.59M","2.10%"
"06/22/2016","102.29","103.50","103.55","102.19","4.87M","-0.92%"
"06/21/2016","103.24","102.69","103.45","102.27","4.94M","0.61%"
"06/20/2016","102.61","102.88","103.40","102.60","6.63M","1.02%"
"06/17/2016","101.57","101.44","101.74","100.40","8.76M","0.49%"
"06/16/2016","101.07","99.97","101.26","98.77","8.04M","0.44%"
"06/15/2016","100.63","100.63","101.64","100.25","5.63M","-0.64%"
"06/14/2016","101.28","101.76","102.05","100.52","6.92M","-0.80%"
"06/13/2016","102.10","101.50","103.10","101.38","6.36M","0.12%"
"06/10/2016","101.98","102.47","102.97","101.26","8.11M","-0.81%"
"06/09/2016","102.81","102.04","103.12","102.03","4.25M","-0.27%"
"06/08/2016","103.09","103.55","104.08","102.67","6.32M","-0.22%"
"06/07/2016","103.32","101.84","103.70","101.61","9.81M","2.13%"
"06/06/2016","101.17","101.34","102.04","100.92","5.95M","0.51%"
"06/03/2016","100.66","100.65","101.14","100.00","4.96M","0.13%"
"06/02/2016","100.53","100.40","100.57","99.72","6.71M","-0.59%"
"06/01/2016","101.13","100.24","101.38","99.89","4.82M","0.13%"
"05/31/2016","101.00","102.15","102.28","100.57","8.14M","-1.00%"
"05/27/2016","102.02","101.38","102.11","100.87","5.01M","0.51%"
"05/26/2016","101.50","101.85","102.37","100.97","4.15M","-0.27%"
"05/25/2016","101.77","100.82","101.98","100.82","5.43M","1.58%"
"05/24/2016","100.19","99.94","100.76","99.62","4.38M","0.82%"
"05/23/2016","99.38","99.18","100.13","99.07","4.23M","-0.41%"
"05/20/2016","99.79","100.30","100.40","99.49","4.71M","-0.06%"
"05/19/2016","99.85","99.26","100.08","98.52","6.24M","-0.21%"
"05/18/2016","100.06","100.90","101.27","99.44","5.93M","-0.68%"
"05/17/2016","100.75","101.07","102.18","100.34","7.03M","-1.51%"
"05/16/2016","102.29","101.87","102.60","101.40","6.78M","1.54%"
"05/13/2016","100.74","101.63","102.04","100.36","5.67M","-1.35%"
"05/12/2016","102.12","102.15","102.42","101.08","6.53M","0.97%"
"05/11/2016","101.14","101.24","101.74","100.15","6.85M","-0.13%"
"05/10/2016","101.27","100.64","101.29","100.41","6.70M","0.92%"
"05/09/2016","100.35","101.62","101.80","99.08","9.34M","-1.48%"
"05/06/2016","101.86","100.84","102.70","100.84","5.97M","0.43%"
"05/05/2016","101.42","101.85","102.60","100.86","6.47M","0.83%"
"05/04/2016","100.59","101.06","102.30","100.39","7.44M","-0.72%"
"05/03/2016","101.32","102.26","102.35","101.05","7.03M","-1.93%"
"05/02/2016","103.31","101.83","103.85","101.80","6.84M","1.11%"
"04/29/2016","102.18","101.14","102.63","100.61","8.83M","-0.21%"
"04/28/2016","102.40","103.13","104.26","102.05","7.60M","-1.40%"
"04/27/2016","103.85","102.90","103.94","102.38","8.38M","1.53%"
"04/26/2016","102.29","102.05","102.98","101.71","5.65M","0.77%"
"04/25/2016","101.51","101.47","101.77","100.83","6.61M","-0.49%"
"04/22/2016","102.01","101.74","102.50","101.50","5.75M","0.60%"
"04/21/2016","101.40","101.64","102.80","101.11","8.28M","-0.29%"
"04/20/2016","101.69","100.08","102.54","99.84","10.15M","1.18%"
"04/19/2016","100.50","99.00","100.53","98.16","10.58M","1.82%"
"04/18/2016","98.70","95.76","98.76","95.52","7.77M","1.51%"
"04/15/2016","97.23","97.71","97.80","96.96","6.55M","-0.77%"
"04/14/2016","97.98","97.65","98.27","97.36","6.16M","0.39%"
"04/13/2016","97.60","97.80","97.91","97.03","6.41M","0.09%"
"04/12/2016","97.51","95.69","97.94","95.43","8.78M","2.38%"
"04/11/2016","95.24","96.87","97.30","95.15","6.64M","-1.13%"
"04/08/2016","96.33","96.25","96.87","95.76","7.11M","1.62%"
"04/07/2016","94.79","94.37","95.03","94.08","6.82M","-0.05%"
"04/06/2016","94.84","93.15","95.00","92.82","6.84M","2.34%"
"04/05/2016","92.67","93.00","93.35","92.43","6.66M","-0.81%"
"04/04/2016","93.43","94.44","94.48","93.03","6.55M","-0.88%"
"04/01/2016","94.26","93.69","94.78","93.32","7.56M","-1.19%"
"03/31/2016","95.40","95.19","96.20","94.95","5.94M","0.16%"
"03/30/2016","95.25","96.35","96.69","95.16","6.18M","-0.07%"
"03/29/2016","95.32","93.79","95.39","92.94","6.62M","0.68%"
"03/28/2016","94.68","94.90","95.08","94.00","5.05M","-0.18%"
"03/24/2016","94.85","92.54","94.94","92.25","8.16M","1.35%"
"03/23/2016","93.59","94.72","94.81","93.04","10.30M","-2.00%"
"03/22/2016","95.50","95.75","96.91","95.32","7.57M","-0.97%"
"03/21/2016","96.44","97.02","97.54","95.91","8.04M","-1.28%"
"03/18/2016","97.69","97.85","97.91","95.86","14.44M","0.83%"
"03/17/2016","96.89","96.25","97.74","95.29","10.68M","1.56%"
"03/16/2016","95.40","94.72","96.14","93.72","9.97M","1.20%"
"03/15/2016","94.27","93.15","94.40","92.25","7.01M","0.01%"
"03/14/2016","94.26","93.57","94.83","93.09","6.90M","-0.34%"
"03/11/2016","94.58","94.95","96.14","93.38","14.10M","0.68%"
"03/10/2016","93.94","92.79","93.95","92.02","12.09M","1.21%"
"03/09/2016","92.82","89.70","94.64","89.47","19.32M","4.60%"
"03/08/2016","88.74","90.38","91.08","88.33","10.51M","-2.13%"
"03/07/2016","90.67","87.94","90.76","87.55","12.78M","3.12%"
"03/04/2016","87.93","87.42","88.62","86.70","9.33M","0.46%"
"03/03/2016","87.53","87.00","87.57","86.05","8.53M","0.45%"
"03/02/2016","87.14","85.40","87.18","84.40","9.64M","1.17%"
"03/01/2016","86.13","84.12","86.53","83.37","11.61M","3.22%"
"02/29/2016","83.44","84.94","85.19","83.07","11.55M","-1.08%"
"02/26/2016","84.35","86.97","87.10","84.28","9.37M","-1.11%"
"02/25/2016","85.30","85.67","85.71","83.74","9.45M","0.04%"
"02/24/2016","85.27","83.33","85.49","82.90","9.78M","0.42%"
"02/23/2016","84.91","88.39","88.48","84.70","10.66M","-4.40%"
"02/22/2016","88.82","87.87","89.84","87.50","10.30M","2.68%"
"02/19/2016","86.50","86.33","86.54","84.80","9.78M","-0.27%"
"02/18/2016","86.73","88.75","89.25","86.61","9.52M","-1.79%"
"02/17/2016","88.31","85.41","88.66","85.02","12.71M","4.13%"
"02/16/2016","84.81","85.23","85.39","83.31","10.63M","-0.73%"
"02/12/2016","85.43","83.80","85.58","83.20","9.84M","2.94%"
"02/11/2016","82.99","81.60","83.66","80.64","12.74M","-0.06%"
"02/10/2016","83.04","82.77","83.90","81.50","12.11M","0.14%"
"02/09/2016","82.92","85.08","85.79","82.17","12.61M","-3.57%"
"02/08/2016","85.99","81.76","86.70","81.10","17.71M","3.75%"
"02/05/2016","82.88","83.94","84.29","82.26","15.09M","-2.25%"
"02/04/2016","84.79","84.59","86.19","83.83","12.82M","0.20%"
"02/03/2016","84.62","82.39","84.63","79.85","13.96M","4.16%"
"02/02/2016","81.24","82.71","83.04","80.96","13.33M","-4.75%"
"02/01/2016","85.29","85.15","86.09","84.24","10.96M","-1.36%"
"01/29/2016","86.47","84.05","86.71","82.95","20.25M","0.64%"
"01/28/2016","85.92","85.75","86.69","83.70","13.02M","3.16%"
"01/27/2016","83.29","83.95","86.10","82.36","12.38M","-0.99%"
"01/26/2016","84.12","81.97","84.50","81.35","12.19M","3.99%"
"01/25/2016","80.89","82.29","84.29","80.80","12.37M","-3.17%"
"01/22/2016","83.54","84.46","85.19","81.72","15.72M","3.07%"
"01/21/2016","81.05","78.80","81.65","78.02","16.11M","2.62%"
"01/20/2016","78.98","79.98","80.31","75.33","26.15M","-3.10%"
"01/19/2016","81.51","84.17","84.75","80.79","13.16M","-2.58%"
"01/15/2016","83.67","81.64","83.81","80.87","17.87M","-2.11%"
"01/14/2016","85.47","81.95","86.17","80.95","16.43M","5.09%"
"01/13/2016","81.33","83.16","84.25","80.01","15.55M","-1.00%"
"01/12/2016","82.15","82.20","82.40","79.69","13.48M","1.71%"
"01/11/2016","80.77","82.85","82.97","79.77","14.37M","-1.66%"
"01/08/2016","82.13","83.39","83.84","81.22","11.89M","-1.07%"
"01/07/2016","83.02","84.55","85.75","82.67","15.37M","-3.54%"
"01/06/2016","86.07","87.44","87.78","85.16","14.51M","-3.95%"
"01/05/2016","89.61","89.05","89.65","87.84","7.88M","0.86%"
"01/04/2016","88.85","89.53","90.11","87.57","11.40M","-1.23%"
"12/31/2015","89.96","89.38","90.86","89.02","6.99M","-0.14%"
"12/30/2015","90.09","90.10","90.98","89.89","5.60M","-1.27%"
"12/29/2015","91.25","91.89","92.58","91.07","6.47M","0.98%"
"12/28/2015","90.36","90.31","90.72","89.69","6.80M","-1.84%"
"12/24/2015","92.05","93.95","93.95","92.01","5.00M","-1.88%"
"12/23/2015","93.81","92.20","93.85","91.57","11.17M","3.92%"
"12/22/2015","90.27","89.12","90.79","88.30","9.66M","1.15%"
"12/21/2015","89.24","90.40","90.70","88.21","12.85M","-0.63%"
"12/18/2015","89.81","90.06","91.27","89.30","20.17M","-0.81%"
"12/17/2015","90.54","93.50","94.00","90.40","14.08M","-3.10%"
"12/16/2015","93.44","92.58","93.82","90.81","16.92M","0.73%"
"12/15/2015","92.76","90.58","93.40","90.55","19.16M","3.84%"
"12/14/2015","89.33","86.30","89.59","85.41","12.43M","3.34%"
"12/11/2015","86.44","87.85","87.91","86.09","13.19M","-3.20%"
"12/10/2015","89.30","88.00","90.46","87.61","14.53M","1.94%"
"12/09/2015","87.60","86.67","90.14","86.30","14.68M","1.34%"
"12/08/2015","86.44","85.81","88.00","84.25","13.40M","-0.96%"
"12/07/2015","87.28","87.48","87.94","84.90","15.38M","-2.71%"
"12/04/2015","89.71","87.90","89.82","86.49","13.17M","0.97%"
"12/03/2015","88.85","90.81","91.42","88.36","11.00M","-1.55%"
"12/02/2015","90.25","92.60","92.69","90.03","11.83M","-2.41%"
"12/01/2015","92.48","90.97","92.65","90.97","6.98M","1.27%"
"11/30/2015","91.32","90.64","91.96","90.44","12.18M","1.05%"
"11/27/2015","90.37","90.25","90.84","90.05","2.55M","-0.55%"
"11/25/2015","90.87","90.71","91.32","90.16","5.42M","-0.53%"
"11/24/2015","91.35","90.19","92.30","89.80","8.55M","1.49%"
"11/23/2015","90.01","88.65","90.44","88.11","6.89M","1.12%"
"11/20/2015","89.01","90.64","91.31","88.81","8.56M","-2.00%"
"11/19/2015","90.83","92.03","92.37","90.43","6.10M","-1.50%"
"11/18/2015","92.21","91.44","92.75","91.03","6.89M","1.30%"
"11/17/2015","91.03","91.27","92.50","90.70","7.58M","-0.46%"
"11/16/2015","91.45","87.79","91.47","87.79","10.10M","3.12%"
"11/13/2015","88.68","89.57","89.97","88.19","7.68M","-1.31%"
"11/12/2015","89.86","90.75","91.15","89.25","8.95M","-2.53%"
"11/11/2015","92.19","93.39","93.71","91.86","6.09M","-1.12%"
"11/10/2015","93.23","92.10","93.50","91.84","6.82M","0.99%"
"11/09/2015","92.32","93.48","94.45","92.10","7.66M","-1.82%"
"11/06/2015","94.03","93.71","94.07","91.76","9.63M","-0.55%"
"11/05/2015","94.55","96.05","96.55","94.33","11.18M","-2.29%"
"11/04/2015","96.77","98.02","98.10","96.08","11.93M","-1.40%"
"11/03/2015","98.14","95.42","98.64","95.42","17.67M","3.35%"
"11/02/2015","94.96","90.61","95.28","90.48","14.28M","4.49%"
"10/30/2015","90.88","91.14","91.98","89.41","11.56M","1.10%"
"10/29/2015","89.89","89.32","90.93","89.14","6.69M","0.11%"
"10/28/2015","89.79","88.21","90.12","87.92","8.24M","2.38%"
"10/27/2015","87.70","87.73","87.96","86.74","9.33M","-1.21%"
"10/26/2015","88.77","90.87","90.88","88.58","8.61M","-2.71%"
"10/23/2015","91.24","90.75","91.93","90.09","8.13M","-0.41%"
"10/22/2015","91.62","89.74","91.81","89.74","8.97M","2.56%"
"10/21/2015","89.33","89.44","90.63","89.14","7.43M","-0.73%"
"10/20/2015","89.99","89.50","90.49","89.39","8.22M","-0.04%"
"10/19/2015","90.03","90.36","90.54","89.22","8.90M","-1.38%"
"10/16/2015","91.29","91.55","91.66","90.02","7.82M","0.63%"
"10/15/2015","90.72","89.65","90.87","88.44","8.96M","1.07%"
"10/14/2015","89.76","88.23","89.97","87.71","9.73M","1.56%"
"10/13/2015","88.38","87.80","88.94","87.29","8.01M","-0.41%"
"10/12/2015","88.74","89.86","89.98","87.87","7.92M","-0.93%"
"10/09/2015","89.57","90.20","90.40","88.67","10.01M","-0.38%"
"10/08/2015","89.91","87.89","90.14","87.80","11.30M","2.03%"
"10/07/2015","88.12","88.25","89.51","86.28","17.69M","1.30%"
"10/06/2015","86.99","84.18","87.63","84.07","18.90M","3.52%"
"10/05/2015","84.03","82.41","84.19","82.35","14.20M","3.04%"
"10/02/2015","81.55","77.74","81.55","77.31","13.05M","4.10%"
"10/01/2015","78.34","79.72","80.89","77.81","11.11M","-0.68%"
"09/30/2015","78.88","77.15","79.02","77.00","14.11M","3.45%"
"09/29/2015","76.25","76.04","76.66","75.28","8.80M","0.63%"
"09/28/2015","75.77","76.66","76.93","75.75","10.57M","-2.48%"
"09/25/2015","77.70","77.87","78.16","76.92","10.86M","1.05%"
"09/24/2015","76.89","75.45","77.31","75.10","10.30M","1.01%"
"09/23/2015","76.12","77.40","77.53","75.76","9.04M","-1.46%"
"09/22/2015","77.25","76.84","77.69","76.49","9.69M","-1.08%"
"09/21/2015","78.09","78.30","78.73","77.84","8.52M","0.45%"
"09/18/2015","77.74","77.91","78.70","76.97","18.64M","-2.10%"
"09/17/2015","79.41","79.12","80.47","78.60","12.32M","0.49%"
"09/16/2015","79.02","77.82","79.21","77.77","12.59M","2.40%"
"09/15/2015","77.17","76.43","77.69","76.21","11.68M","1.85%"
"09/14/2015","75.77","75.52","76.00","74.96","10.24M","-0.03%"
"09/11/2015","75.79","75.94","76.25","75.09","11.03M","0.17%"
"09/10/2015","75.66","75.73","75.80","74.31","11.48M","0.99%"
"09/09/2015","74.92","77.43","78.20","74.75","11.30M","-2.50%"
"09/08/2015","76.84","77.53","77.56","76.24","9.32M","0.22%"
"09/04/2015","76.67","77.30","77.63","76.45","11.21M","-2.03%"
"09/03/2015","78.26","78.70","79.42","77.69","12.28M","0.26%"
"09/02/2015","78.06","79.75","79.75","77.23","14.26M","-0.17%"
"09/01/2015","78.19","78.76","79.39","77.52","17.95M","-3.46%"
"08/31/2015","80.99","80.01","81.08","77.92","16.88M","0.70%"
"08/28/2015","80.43","77.72","81.20","77.58","23.74M","3.59%"
"08/27/2015","77.64","75.00","78.12","74.56","21.54M","6.23%"
"08/26/2015","73.09","71.72","73.10","70.94","17.40M","4.38%"
"08/25/2015","70.02","74.93","75.02","69.84","21.13M","-2.91%"
"08/24/2015","72.12","70.55","75.38","69.58","24.19M","-4.80%"
"08/21/2015","75.76","78.87","79.59","75.71","18.38M","-4.39%"
"08/20/2015","79.24","80.66","81.29","79.24","11.86M","-2.06%"
"08/19/2015","80.91","82.87","82.91","80.67","13.13M","-3.03%"
"08/18/2015","83.44","83.08","83.77","82.82","9.09M","0.25%"
"08/17/2015","83.23","84.46","84.51","83.11","12.60M","-3.21%"
"08/14/2015","85.99","85.78","86.42","85.29","7.75M","0.16%"
"08/13/2015","85.85","86.03","86.34","85.45","9.56M","-1.08%"
"08/12/2015","86.79","85.00","87.11","84.92","11.38M","1.18%"
"08/11/2015","85.78","84.38","85.98","83.60","9.80M","-0.13%"
"08/10/2015","85.89","84.20","86.10","83.88","8.34M","2.56%"
"08/07/2015","83.75","84.71","85.26","83.43","7.42M","-1.69%"
"08/06/2015","85.19","83.56","85.58","82.89","9.81M","1.38%"
"08/05/2015","84.03","85.44","86.00","83.87","11.25M","-1.38%"
"08/04/2015","85.21","85.74","86.90","84.68","8.54M","-0.46%"
"08/03/2015","85.60","87.28","87.33","85.32","14.14M","-3.25%"
"07/31/2015","88.48","91.52","91.75","88.01","19.06M","-4.89%"
"07/30/2015","93.03","93.45","93.81","92.75","6.44M","-0.24%"
"07/29/2015","93.25","91.98","93.40","91.44","9.82M","0.92%"
"07/28/2015","92.40","89.45","92.69","89.43","11.54M","3.66%"
"07/27/2015","89.14","89.86","90.09","88.74","10.34M","-1.61%"
"07/24/2015","90.60","92.78","92.78","90.35","11.16M","-2.52%"
"07/23/2015","92.94","93.57","94.07","92.70","7.36M","-0.61%"
"07/22/2015","93.51","93.51","94.33","93.29","9.33M","-0.42%"
"07/21/2015","93.90","93.00","94.14","93.00","7.04M","1.03%"
"07/20/2015","92.94","93.30","93.49","92.59","6.02M","-0.23%"
"07/17/2015","93.15","94.23","94.39","92.90","8.21M","-1.41%"
"07/16/2015","94.48","94.28","94.73","93.90","6.42M","0.25%"
"07/15/2015","94.24","95.04","95.70","93.89","6.49M","-1.37%"
"07/14/2015","95.55","94.40","95.79","94.39","5.22M","1.00%"
"07/13/2015","94.60","94.31","94.89","94.15","5.04M","0.20%"
"07/10/2015","94.41","94.53","94.95","94.07","5.63M","0.67%"
"07/09/2015","93.78","94.90","95.21","93.76","7.91M","0.24%"
"07/08/2015","93.56","94.59","95.09","93.26","7.72M","-1.79%"
"07/07/2015","95.27","94.41","95.48","93.50","11.77M","0.53%"
"07/06/2015","94.77","95.06","95.56","94.48","8.34M","-1.15%"
"07/02/2015","95.87","96.36","96.67","95.72","6.42M","-0.23%"
"07/01/2015","96.09","96.30","96.62","95.55","7.30M","-0.39%"
"06/30/2015","96.47","97.45","97.66","96.22","9.93M","-0.23%"
"06/29/2015","96.69","97.50","97.96","96.60","8.76M","-1.94%"
"06/26/2015","98.60","98.24","98.69","97.81","10.02M","0.26%"
"06/25/2015","98.34","99.45","99.66","98.29","6.06M","-0.94%"
"06/24/2015","99.27","99.98","100.68","99.27","7.45M","-0.82%"
"06/23/2015","100.09","99.96","100.43","99.54","5.70M","-0.20%"
"06/22/2015","100.29","99.83","100.37","99.37","6.42M","0.82%"
"06/19/2015","99.47","99.72","100.17","99.46","10.51M","-0.78%"
"06/18/2015","100.25","100.26","100.90","100.15","7.17M","0.49%"
"06/17/2015","99.76","100.83","101.17","99.52","8.23M","-0.28%"
"06/16/2015","100.04","99.20","100.44","98.81","8.76M","0.76%"
"06/15/2015","99.29","99.45","100.06","99.13","6.18M","-0.58%"
"06/12/2015","99.87","100.52","100.69","99.63","6.48M","-1.24%"
"06/11/2015","101.12","101.87","102.20","100.94","5.58M","-0.70%"
"06/10/2015","101.83","102.52","102.58","101.52","7.59M","1.40%"
"06/09/2015","100.42","100.70","101.25","100.22","7.16M","0.00%"
"06/08/2015","100.42","101.29","101.39","99.95","8.21M","-1.15%"
"06/05/2015","101.59","101.18","103.10","100.99","6.08M","0.20%"
"06/04/2015","101.39","101.89","102.37","100.98","6.90M","-0.76%"
"06/03/2015","102.17","102.40","103.38","102.12","5.18M","-0.40%"
"06/02/2015","102.58","102.65","103.11","102.11","5.04M","-0.05%"
"06/01/2015","102.63","103.47","103.75","102.49","5.41M","-0.36%"
"05/29/2015","103.00","103.14","103.57","102.67","6.67M","-0.23%"
"05/28/2015","103.24","102.96","103.42","102.38","5.10M","0.13%"
"05/27/2015","103.11","103.20","103.78","102.73","5.86M","-0.17%"
"05/26/2015","103.29","104.22","104.44","102.93","8.01M","-1.53%"
"05/22/2015","104.89","105.09","105.55","104.86","4.72M","-0.57%"
"05/21/2015","105.49","105.97","106.27","105.30","6.55M","0.23%"
"05/20/2015","105.25","105.42","105.90","104.76","6.52M","0.22%"
"05/19/2015","105.02","106.05","106.31","105.00","7.93M","-1.53%"
"05/18/2015","106.65","107.50","107.51","106.58","6.39M","-1.28%"
"05/15/2015","108.03","107.21","108.33","106.94","5.64M","-0.39%"
"05/14/2015","108.45","108.02","109.30","108.02","9.75M","0.70%"
"05/13/2015","107.70","107.98","108.47","107.30","5.52M","0.13%"
"05/12/2015","107.56","107.44","108.00","107.10","5.03M","0.19%"
"05/11/2015","107.36","108.65","108.69","107.30","6.00M","-1.19%"
"05/08/2015","108.65","108.29","108.80","107.40","7.08M","1.00%"
"05/07/2015","107.57","107.69","108.20","106.69","5.80M","-0.35%"
"05/06/2015","107.95","109.24","109.53","107.30","5.82M","-0.05%"
"05/05/2015","108.00","109.24","109.93","108.00","6.46M","-0.30%"
"05/04/2015","108.32","109.38","109.41","107.99","7.66M","-0.66%"
"05/01/2015","109.04","110.28","110.80","108.34","10.36M","-1.82%"
"04/30/2015","111.06","112.04","112.20","110.44","6.67M","-0.60%"
"04/29/2015","111.73","110.82","111.99","110.68","5.67M","0.55%"
"04/28/2015","111.12","110.05","111.24","109.65","5.32M","1.29%"
"04/27/2015","109.70","110.34","110.74","109.54","4.86M","-0.15%"
"04/24/2015","109.87","109.67","110.04","109.03","4.99M","-0.09%"
"04/23/2015","109.97","110.00","110.65","109.60","6.94M","0.43%"
"04/22/2015","109.50","110.05","110.44","109.21","5.64M","-0.21%"
"04/21/2015","109.73","110.05","110.74","109.31","5.67M","-0.51%"
"04/20/2015","110.29","109.57","111.71","109.55","7.15M","1.08%"
"04/17/2015","109.11","109.36","109.69","108.26","6.55M","-0.95%"
"04/16/2015","110.16","109.90","110.94","109.00","5.90M","-0.23%"
"04/15/2015","110.41","109.59","110.69","109.38","6.70M","1.44%"
"04/14/2015","108.84","107.70","109.09","107.26","7.26M","2.20%"
"04/13/2015","106.50","107.35","107.90","106.44","4.31M","-0.38%"
"04/10/2015","106.91","107.47","107.66","106.81","5.01M","-0.04%"
"04/09/2015","106.95","106.80","107.24","106.18","5.76M","0.27%"
"04/08/2015","106.66","108.86","108.92","106.52","7.89M","-1.73%"
"04/07/2015","108.54","106.97","109.09","106.62","8.54M","1.52%"
"04/06/2015","106.92","106.03","107.86","105.22","6.72M","1.56%"
"04/02/2015","105.28","104.45","105.68","104.08","5.12M","0.47%"
"04/01/2015","104.79","105.77","106.22","104.50","7.35M","-0.18%"
"03/31/2015","104.98","105.62","106.07","104.88","7.25M","-1.80%"
"03/30/2015","106.90","104.97","107.21","104.97","7.17M","2.51%"
"03/27/2015","104.28","104.99","104.99","103.67","5.83M","-0.92%"
"03/26/2015","105.25","106.28","106.52","104.16","7.28M","-0.40%"
"03/25/2015","105.67","104.66","106.19","104.33","9.17M","1.41%"
"03/24/2015","104.20","105.92","106.19","104.16","6.68M","-1.62%"
"03/23/2015","105.92","107.51","107.69","105.92","6.81M","-1.04%"
"03/20/2015","107.03","105.29","107.26","105.11","14.06M","2.18%"
"03/19/2015","104.75","105.10","105.40","104.65","7.84M","-1.83%"
"03/18/2015","106.70","102.61","106.88","102.37","11.06M","3.42%"
"03/17/2015","103.17","102.30","103.55","102.10","7.10M","0.04%"
"03/16/2015","103.13","101.44","103.27","101.00","6.78M","1.49%"
"03/13/2015","101.62","101.84","101.84","100.66","8.35M","-0.78%"
"03/12/2015","102.42","104.22","104.51","102.30","5.90M","-1.08%"
"03/11/2015","103.54","103.52","103.89","102.45","8.44M","0.61%"
"03/10/2015","102.91","103.79","104.55","102.33","10.68M","-1.00%"
"03/09/2015","103.95","103.60","105.63","103.50","7.51M","0.39%"
"03/06/2015","103.55","104.22","104.52","103.17","7.21M","-1.13%"
"03/05/2015","104.73","105.01","105.31","104.33","5.16M","-0.41%"
"03/04/2015","105.16","105.64","105.64","104.44","5.78M","0.00%"
"03/03/2015","105.16","105.88","106.22","104.81","6.90M","-0.70%"
"03/02/2015","105.90","106.32","106.34","104.93","7.34M","-0.73%"
"02/27/2015","106.68","107.52","107.73","106.57","6.40M","-0.35%"
"02/26/2015","107.06","107.89","107.92","106.60","5.90M","-1.40%"
"02/25/2015","108.58","108.12","108.78","107.76","4.81M","0.57%"
"02/24/2015","107.96","107.89","108.24","107.34","5.71M","0.09%"
"02/23/2015","107.86","107.79","108.50","107.35","6.72M","-0.68%"
"02/20/2015","108.60","108.43","108.87","107.50","7.61M","0.23%"
"02/19/2015","108.35","108.20","109.58","107.24","9.72M","-1.89%"
"02/18/2015","110.44","111.25","111.65","110.37","6.92M","-1.74%"
"02/17/2015","112.40","112.31","112.93","111.52","7.10M","-0.34%"
"02/13/2015","112.78","111.35","112.84","111.10","7.49M","1.73%"
"02/12/2015","110.86","110.28","111.05","109.82","6.62M","0.80%"
"02/11/2015","109.98","108.98","110.18","108.29","8.66M","-0.18%"
"02/10/2015","110.18","110.52","110.62","108.09","7.03M","-0.23%"
"02/09/2015","110.43","109.84","111.50","109.65","6.40M","0.75%"
"02/06/2015","109.61","109.66","110.46","109.11","7.66M","0.27%"
"02/05/2015","109.31","109.57","110.11","108.57","7.53M","0.89%"
"02/04/2015","108.35","108.49","109.28","107.39","10.18M","-1.08%"
"02/03/2015","109.53","107.70","110.11","107.67","14.27M","3.27%"
"02/02/2015","106.06","103.98","106.13","102.97","11.54M","3.44%"
"01/30/2015","102.53","101.60","103.28","98.88","20.58M","-0.46%"
"01/29/2015","103.00","104.24","104.63","101.66","13.99M","-0.68%"
"01/28/2015","103.71","108.16","108.17","103.42","10.53M","-4.20%"
"01/27/2015","108.26","108.11","108.81","107.63","6.39M","-0.57%"
"01/26/2015","108.88","107.22","109.35","106.32","7.67M","1.90%"
"01/23/2015","106.85","108.22","108.75","106.73","7.98M","-1.90%"
"01/22/2015","108.92","108.76","109.12","106.99","7.47M","0.70%"
"01/21/2015","108.16","106.79","108.27","106.35","8.27M","1.59%"
"01/20/2015","106.47","104.56","106.58","103.81","10.41M","1.28%"
"01/16/2015","105.12","102.47","105.14","102.47","12.60M","2.39%"
"01/15/2015","102.67","104.41","104.94","102.53","9.66M","-1.18%"
"01/14/2015","103.90","103.20","104.41","101.83","14.12M","-0.29%"
"01/13/2015","104.20","106.92","107.66","103.19","13.28M","-1.59%"
"01/12/2015","105.88","107.47","107.47","105.56","8.91M","-2.15%"
"01/09/2015","108.21","110.14","110.22","107.67","9.58M","-1.99%"
"01/08/2015","110.41","109.19","110.44","108.60","8.65M","2.29%"
"01/07/2015","107.94","109.25","109.72","107.51","10.35M","-0.08%"
"01/06/2015","108.03","107.87","109.02","106.48","11.59M","-0.05%"
"01/05/2015","108.08","110.96","111.20","107.44","11.76M","-4.00%"
"01/02/2015","112.58","111.63","113.00","110.85","5.91M","0.36%"
"12/31/2014","112.18","111.65","113.31","111.53","6.41M","-0.82%"
"12/30/2014","113.11","112.93","113.65","112.15","5.66M","-0.19%"
"12/29/2014","113.32","113.44","114.38","112.78","6.04M","0.06%"
"12/26/2014","113.25","113.93","114.35","112.82","4.38M","-0.19%"
"12/24/2014","113.47","113.66","114.14","112.07","4.54M","-0.42%"
"12/23/2014","113.95","112.76","114.45","112.32","8.09M","1.71%"
"12/22/2014","112.03","112.36","112.99","111.07","9.43M","-0.80%"
"12/19/2014","112.93","109.53","112.96","108.50","15.72M","3.58%"
"12/18/2014","109.03","108.01","109.03","105.49","13.53M","2.84%"
"12/17/2014","106.02","102.18","106.59","102.01","13.36M","4.25%"
"12/16/2014","101.70","100.50","104.47","100.15","12.72M","0.83%"
"12/15/2014","100.86","103.13","103.91","100.42","13.14M","-1.48%"
"12/12/2014","102.38","103.76","104.35","102.37","12.01M","-2.41%"
"12/11/2014","104.91","104.97","107.27","104.30","10.29M","0.05%"
"12/10/2014","104.86","106.22","106.25","103.07","15.07M","-2.01%"
"12/09/2014","107.01","106.17","108.15","106.13","11.06M","0.20%"
"12/08/2014","106.80","109.89","109.94","106.41","13.81M","-3.67%"
"12/05/2014","110.87","111.79","112.29","110.71","7.66M","-1.26%"
"12/04/2014","112.28","113.08","113.08","111.01","8.24M","-1.26%"
"12/03/2014","113.71","114.74","114.82","113.15","8.06M","-0.27%"
"12/02/2014","114.02","111.27","114.56","110.89","8.55M","2.05%"
"12/01/2014","111.73","109.38","112.49","108.68","13.40M","2.63%"
"11/28/2014","108.87","111.59","111.69","108.43","11.94M","-5.42%"
"11/26/2014","115.11","116.07","116.35","115.02","6.72M","-0.90%"
"11/25/2014","116.15","117.80","117.82","115.63","6.67M","-1.22%"
"11/24/2014","117.59","118.13","118.58","117.15","5.81M","-0.83%"
"11/21/2014","118.58","118.79","118.91","117.73","7.36M","1.08%"
"11/20/2014","117.31","116.16","117.47","116.16","5.27M","0.72%"
"11/19/2014","116.47","115.97","116.68","115.07","4.27M","0.87%"
"11/18/2014","115.47","115.97","116.63","115.25","5.68M","-0.24%"
"11/17/2014","115.75","115.96","116.15","115.27","5.71M","-0.49%"
"11/14/2014","116.32","115.70","116.35","115.42","4.89M","-0.11%"
"11/13/2014","116.45","117.09","117.47","115.64","11.02M","-1.02%"
"11/12/2014","117.65","117.86","118.71","117.38","4.92M","-0.67%"
"11/11/2014","118.44","117.95","118.67","117.30","3.96M","0.44%"
"11/10/2014","117.92","119.58","119.67","117.31","6.11M","-0.74%"
"11/07/2014","118.80","118.75","119.73","118.36","7.37M","0.23%"
"11/06/2014","118.53","116.90","118.55","116.36","6.38M","1.26%"
"11/05/2014","117.05","117.27","117.30","114.86","6.60M","1.46%"
"11/04/2014","115.37","115.99","116.02","114.80","9.59M","-1.21%"
"11/03/2014","116.78","119.83","119.97","116.46","10.34M","-2.64%"
"10/31/2014","119.95","118.35","120.17","116.39","10.67M","2.35%"
"10/30/2014","117.20","116.18","117.25","115.57","5.17M","0.05%"
"10/29/2014","117.14","118.00","118.93","116.10","6.87M","0.01%"
"10/28/2014","117.13","116.17","117.27","115.16","7.27M","1.83%"
"10/27/2014","115.02","114.38","115.37","113.46","6.72M","-0.77%"
"10/24/2014","115.91","116.19","116.26","114.53","5.51M","-0.24%"
"10/23/2014","116.19","116.00","117.32","114.95","7.20M","1.92%"
"10/22/2014","114.00","115.20","116.24","113.91","7.21M","-0.95%"
"10/21/2014","115.09","113.18","115.17","112.91","8.90M","3.23%"
"10/20/2014","111.49","111.53","112.28","110.97","8.83M","-0.28%"
"10/17/2014","111.80","111.78","112.74","110.73","10.90M","0.67%"
"10/16/2014","111.06","107.96","111.32","107.20","11.91M","1.64%"
"10/15/2014","109.27","108.57","109.50","106.65","15.28M","-0.46%"
"10/14/2014","109.78","112.60","113.05","109.10","11.54M","-2.01%"
"10/13/2014","112.03","113.55","114.59","111.85","7.80M","-1.63%"
"10/10/2014","113.89","114.70","115.73","112.88","9.26M","-0.54%"
"10/09/2014","114.51","117.02","117.08","114.24","11.49M","-2.92%"
"10/08/2014","117.95","115.83","118.25","115.15","9.52M","1.66%"
"10/07/2014","116.02","117.47","118.43","116.00","7.31M","-1.75%"
"10/06/2014","118.09","117.91","119.05","117.28","5.41M","0.32%"
"10/03/2014","117.71","118.16","118.16","116.40","6.30M","0.51%"
"10/02/2014","117.11","117.39","117.90","116.13","8.17M","-0.46%"
"10/01/2014","117.65","118.80","119.35","117.38","8.03M","-1.40%"
"09/30/2014","119.32","120.51","120.51","118.66","8.39M","-1.02%"
"09/29/2014","120.55","120.72","120.74","119.14","6.79M","-0.76%"
"09/26/2014","121.47","120.55","122.04","120.02","5.51M","0.65%"
"09/25/2014","120.68","122.20","122.61","120.68","6.47M","-1.41%"
"09/24/2014","122.40","123.07","123.07","120.85","8.01M","-0.54%"
"09/23/2014","123.06","123.53","123.98","122.86","5.62M","-0.35%"
"09/22/2014","123.49","124.60","124.92","123.47","5.85M","-1.05%"
"09/19/2014","124.80","124.94","125.70","124.64","10.09M","0.53%"
"09/18/2014","124.14","124.85","125.04","123.85","4.69M","-0.47%"
"09/17/2014","124.72","125.13","125.49","124.45","4.58M","-0.19%"
"09/16/2014","124.96","124.06","125.68","123.61","6.59M","0.58%"
"09/15/2014","124.24","122.35","124.78","122.06","5.45M","1.29%"
"09/12/2014","122.66","123.54","123.66","122.21","4.92M","-0.94%"
"09/11/2014","123.83","123.28","124.07","122.41","6.57M","-0.36%"
"09/10/2014","124.28","124.46","124.74","123.01","10.95M","-0.72%"
"09/09/2014","125.18","124.49","125.79","124.26","6.73M","-0.82%"
"09/08/2014","126.21","126.68","126.75","125.69","4.21M","-0.93%"
"09/05/2014","127.40","127.15","127.44","126.16","5.04M","0.47%"
"09/04/2014","126.80","128.21","128.46","126.20","5.20M","-0.83%"
"09/03/2014","127.86","128.45","128.88","127.67","3.85M","0.25%"
"09/02/2014","127.54","129.20","129.38","127.06","4.75M","-1.48%"
"08/29/2014","129.45","129.00","129.53","128.50","3.52M","0.54%"
"08/28/2014","128.75","128.28","128.90","128.25","2.41M","0.09%"
"08/27/2014","128.64","128.41","128.82","128.19","2.77M","0.30%"
"08/26/2014","128.25","128.06","128.71","127.94","2.83M","0.32%"
"08/25/2014","127.84","127.57","128.07","127.38","2.65M","0.57%"
"08/22/2014","127.11","127.02","127.50","126.47","3.24M","-0.64%"
"08/21/2014","127.93","127.68","128.18","127.18","2.68M","0.35%"
"08/20/2014","127.49","127.25","127.60","126.78","3.23M","-0.11%"
"08/19/2014","127.63","126.72","127.70","126.55","3.89M","1.05%"
"08/18/2014","126.30","126.27","126.59","125.63","4.63M","0.16%"
"08/15/2014","126.10","126.42","126.79","125.68","5.75M","-0.68%"
"08/14/2014","126.96","127.68","127.70","126.53","4.52M","-0.50%"
"08/13/2014","127.60","127.64","128.24","126.87","3.52M","0.40%"
"08/12/2014","127.09","127.14","127.28","126.26","4.94M","-0.49%"
"08/11/2014","127.71","128.16","128.67","127.54","3.47M","-0.12%"
"08/08/2014","127.86","126.07","127.96","125.91","4.74M","1.76%"
"08/07/2014","125.65","126.19","126.73","124.83","4.65M","-0.06%"
"08/06/2014","125.73","124.90","126.97","124.80","5.14M","0.62%"
"08/05/2014","124.96","127.81","127.81","124.58","8.07M","-2.50%"
"08/04/2014","128.17","127.69","128.36","126.03","7.36M","0.21%"
"08/01/2014","127.90","127.76","128.96","126.36","7.38M","-1.04%"
"07/31/2014","129.24","131.73","131.97","129.10","7.97M","-2.48%"
"07/30/2014","132.53","132.97","133.69","131.50","4.60M","0.08%"
"07/29/2014","132.42","132.90","133.72","132.42","4.19M","-0.62%"
"07/28/2014","133.24","133.56","133.80","132.89","4.63M","-0.25%"
"07/25/2014","133.57","134.58","134.61","133.06","3.71M","-0.95%"
"07/24/2014","134.85","134.03","135.10","133.69","5.34M","0.72%"
"07/23/2014","133.88","132.70","133.93","132.48","4.59M","0.98%"
"07/22/2014","132.58","131.55","133.20","131.55","4.39M","0.98%"
"07/21/2014","131.29","130.11","131.34","130.01","3.72M","0.69%"
"07/18/2014","130.39","130.64","130.73","129.58","4.34M","0.24%"
"07/17/2014","130.08","130.64","131.50","129.88","4.96M","-0.62%"
"07/16/2014","130.89","129.89","130.94","129.69","4.50M","1.26%"
"07/15/2014","129.26","129.07","129.50","128.61","4.85M","0.00%"
"07/14/2014","129.26","128.80","129.50","128.38","4.14M","0.61%"
"07/11/2014","128.47","129.13","129.89","128.03","5.25M","-1.37%"
"07/10/2014","130.25","130.48","130.86","129.90","4.41M","-0.87%"
"07/09/2014","131.39","130.27","131.69","129.99","5.20M","1.15%"
"07/08/2014","129.90","129.70","130.38","129.52","4.69M","-0.44%"
"07/07/2014","130.47","130.44","130.64","130.02","3.66M","-0.55%"
"07/03/2014","131.19","131.44","131.59","130.72","3.51M","0.74%"
"07/02/2014","130.23","130.53","130.92","129.99","5.14M","-0.24%"
"07/01/2014","130.54","130.94","131.42","130.46","4.00M","-0.01%"
"06/30/2014","130.55","130.15","130.63","129.37","5.71M","0.15%"
"06/27/2014","130.36","130.73","130.94","129.30","8.67M","-0.43%"
"06/26/2014","130.92","131.21","131.22","129.53","6.11M","-0.24%"
"06/25/2014","131.23","131.34","132.36","131.01","6.71M","-0.41%"
"06/24/2014","131.77","132.74","133.46","131.71","8.58M","-0.91%"
"06/23/2014","132.98","132.52","133.57","132.42","11.01M","0.48%"
"06/20/2014","132.34","131.95","132.40","130.88","11.35M","0.27%"
"06/19/2014","131.99","130.29","132.00","129.91","7.43M","1.31%"
"06/18/2014","130.28","128.96","130.50","128.36","7.70M","1.13%"
"06/17/2014","128.83","127.90","129.04","127.57","6.72M","0.23%"
"06/16/2014","128.54","127.15","128.81","127.14","7.07M","1.01%"
"06/13/2014","127.26","125.94","127.26","125.90","5.58M","0.91%"
"06/12/2014","126.11","125.73","126.23","125.42","6.82M","0.74%"
"06/11/2014","125.18","125.13","125.47","124.62","4.57M","-0.13%"
"06/10/2014","125.34","124.98","125.37","124.15","5.88M","0.78%"
"06/09/2014","124.37","124.01","124.64","123.88","3.66M","0.14%"
"06/06/2014","124.19","123.70","124.70","123.54","4.30M","0.54%"
"06/05/2014","123.52","122.53","123.78","122.46","4.23M","0.96%"
"06/04/2014","122.35","122.32","122.68","122.00","3.29M","-0.16%"
"06/03/2014","122.55","122.39","122.82","121.72","3.56M","0.28%"
"06/02/2014","122.21","122.93","123.04","122.01","3.69M","-0.47%"
"05/30/2014","122.79","122.24","122.88","122.01","5.17M","0.38%"
"05/29/2014","122.32","122.89","122.90","121.65","6.26M","-0.16%"
"05/28/2014","122.52","122.90","123.31","122.52","4.71M","-0.26%"
"05/27/2014","122.84","123.76","123.99","122.75","4.29M","-0.43%"
"05/23/2014","123.37","124.10","124.36","123.33","3.81M","-0.21%"
"05/22/2014","123.63","124.10","124.41","123.56","3.26M","-0.43%"
"05/21/2014","124.16","123.00","124.36","122.94","4.76M","1.36%"
"05/20/2014","122.50","122.95","123.10","122.24","4.04M","-0.37%"
"05/19/2014","122.95","122.95","123.42","122.85","4.05M","-0.19%"
"05/16/2014","123.18","123.96","124.35","122.89","6.44M","-0.51%"
"05/15/2014","123.81","125.17","125.50","123.55","5.94M","-2.06%"
"05/14/2014","126.42","126.14","126.78","125.76","4.96M","0.45%"
"05/13/2014","125.85","125.57","125.99","124.97","4.42M","0.49%"
"05/12/2014","125.24","125.57","125.57","124.63","4.91M","0.17%"
"05/09/2014","125.03","125.39","126.07","124.64","4.83M","-0.05%"
"05/08/2014","125.09","125.70","126.13","124.87","5.01M","-0.90%"
"05/07/2014","126.23","125.95","126.78","125.64","5.44M","1.01%"
"05/06/2014","124.97","125.00","125.69","124.52","5.60M","-0.31%"
"05/05/2014","125.36","124.82","125.85","124.34","4.22M","0.51%"
"05/02/2014","124.72","123.90","125.80","123.58","5.41M","-0.18%"
"05/01/2014","124.94","125.66","125.76","124.28","6.38M","-0.46%"
"04/30/2014","125.52","125.76","125.98","125.31","6.13M","-0.36%"
"04/29/2014","125.97","125.92","127.27","125.76","6.67M","0.19%"
"04/28/2014","125.73","124.26","126.06","124.25","7.69M","1.40%"
"04/25/2014","123.99","124.23","124.70","123.58","5.78M","-0.25%"
"04/24/2014","124.30","124.84","124.92","124.14","5.19M","-0.31%"
"04/23/2014","124.69","124.19","124.96","124.19","5.60M","0.56%"
"04/22/2014","124.00","123.87","124.35","123.61","5.85M","-0.19%"
"04/21/2014","124.24","123.05","124.40","123.05","6.35M","0.45%"
"04/17/2014","123.68","121.72","123.85","121.72","8.60M","1.52%"
"04/16/2014","121.83","120.90","122.11","120.90","7.28M","1.27%"
"04/15/2014","120.30","118.71","120.31","118.34","7.68M","1.35%"
"04/14/2014","118.70","117.84","118.83","117.34","6.82M","1.43%"
"04/11/2014","117.03","116.50","117.73","116.50","7.03M","0.29%"
"04/10/2014","116.69","117.20","118.06","116.55","8.77M","-2.02%"
"04/09/2014","119.10","117.83","119.25","117.59","5.38M","1.10%"
"04/08/2014","117.80","117.66","118.31","117.18","4.71M","0.39%"
"04/07/2014","117.34","118.32","118.82","117.34","5.24M","-1.23%"
"04/04/2014","118.80","119.75","119.75","118.59","5.30M","-0.20%"
"04/03/2014","119.04","119.78","119.79","118.89","4.45M","-0.26%"
"04/02/2014","119.35","118.52","119.54","118.52","4.51M","0.29%"
"04/01/2014","119.00","119.15","119.61","118.84","5.39M","0.08%"
"03/31/2014","118.91","118.79","119.62","118.48","5.48M","0.35%"
"03/28/2014","118.50","118.13","118.55","117.70","5.88M","0.71%"
"03/27/2014","117.67","117.75","117.99","116.83","5.22M","-0.03%"
"03/26/2014","117.71","117.80","118.28","117.36","5.97M","0.53%"
"03/25/2014","117.09","116.23","117.19","116.21","5.57M","1.07%"
"03/24/2014","115.85","116.00","116.69","115.65","5.39M","0.19%"
"03/21/2014","115.63","116.29","118.00","115.58","14.89M","0.10%"
"03/20/2014","115.51","114.85","116.08","114.32","5.28M","0.27%"
"03/19/2014","115.20","115.88","116.74","114.66","5.57M","-0.89%"
"03/18/2014","116.24","115.62","116.56","115.20","6.33M","1.02%"
"03/17/2014","115.07","114.26","115.29","114.13","5.90M","0.85%"
"03/14/2014","114.10","114.36","114.90","113.68","6.29M","-0.31%"
"03/13/2014","114.45","115.60","115.75","114.12","5.41M","-1.04%"
"03/12/2014","115.65","114.14","116.36","114.13","6.82M","1.00%"
"03/11/2014","114.51","115.90","116.23","114.24","6.27M","-1.15%"
"03/10/2014","115.84","115.45","115.94","114.12","6.20M","0.66%"
"03/07/2014","115.08","115.07","115.95","114.64","5.06M","0.20%"
"03/06/2014","114.85","114.71","115.15","114.35","5.18M","0.37%"
"03/05/2014","114.43","115.08","115.26","114.01","6.70M","-0.77%"
"03/04/2014","115.32","115.89","116.27","115.26","5.61M","0.42%"
"03/03/2014","114.84","114.79","116.19","114.26","6.05M","-0.42%"
"02/28/2014","115.33","115.87","116.74","114.81","6.95M","-0.31%"
"02/27/2014","115.69","115.66","115.82","114.56","4.92M","0.16%"
"02/26/2014","115.51","114.82","115.86","114.40","6.11M","0.47%"
"02/25/2014","114.97","114.37","115.44","114.24","5.98M","0.72%"
"02/24/2014","114.15","113.37","115.00","113.05","7.35M","1.30%"
"02/21/2014","112.68","114.72","114.74","112.60","9.22M","-1.68%"
"02/20/2014","114.60","113.51","115.33","113.10","8.41M","0.88%"
"02/19/2014","113.60","112.55","115.05","112.47","7.99M","0.79%"
"02/18/2014","112.71","113.86","114.11","112.60","6.11M","-0.68%"
"02/14/2014","113.48","112.58","113.83","111.59","6.79M","0.86%"
"02/13/2014","112.51","111.73","112.74","111.18","5.06M","0.43%"
"02/12/2014","112.03","112.89","112.89","111.81","6.44M","-1.36%"
"02/11/2014","113.58","112.03","113.87","111.95","6.88M","1.69%"
"02/10/2014","111.69","112.47","112.47","111.08","9.25M","-0.32%"
"02/07/2014","112.05","111.91","112.12","110.39","7.11M","0.70%"
"02/06/2014","111.27","110.11","111.35","109.91","7.99M","1.60%"
"02/05/2014","109.52","111.00","111.00","109.27","10.57M","-1.18%"
"02/04/2014","110.83","111.86","112.04","110.49","9.72M","-0.28%"
"02/03/2014","111.14","112.35","112.46","110.54","11.28M","-0.44%"
"01/31/2014","111.63","113.90","113.90","111.11","15.53M","-4.14%"
"01/30/2014","116.45","116.31","116.96","115.18","5.54M","0.39%"
"01/29/2014","116.00","116.14","116.89","115.71","5.52M","-0.72%"
"01/28/2014","116.84","116.72","117.03","116.07","4.31M","0.35%"
"01/27/2014","116.43","116.25","117.25","115.88","6.18M","0.12%"
"01/24/2014","116.29","117.87","118.14","116.26","7.13M","-1.77%"
"01/23/2014","118.39","119.84","119.85","118.26","6.21M","-1.69%"
"01/22/2014","120.43","120.51","120.76","119.97","4.98M","0.06%"
"01/21/2014","120.36","120.74","120.89","119.51","5.60M","0.90%"
"01/17/2014","119.29","119.03","120.38","118.74","7.21M","0.39%"
"01/16/2014","118.83","119.11","119.29","118.19","5.04M","-0.29%"
"01/15/2014","119.18","119.69","120.07","119.05","5.83M","-0.33%"
"01/14/2014","119.57","119.40","119.75","118.80","6.90M","0.27%"
"01/13/2014","119.25","120.81","120.90","119.01","6.51M","-1.45%"
"01/10/2014","121.01","122.50","122.84","120.37","8.13M","-1.85%"
"01/09/2014","123.29","123.42","123.42","122.02","5.65M","0.00%"
"01/08/2014","123.29","124.44","124.46","122.75","8.29M","-1.42%"
"01/07/2014","125.07","124.42","125.32","123.65","4.57M","0.85%"
"01/06/2014","124.02","124.59","124.80","123.52","4.25M","-0.27%"
"01/03/2014","124.35","124.60","124.89","123.86","3.51M","0.17%"
"01/02/2014","124.14","124.46","124.88","123.71","4.54M","-0.62%"
"12/31/2013","124.91","124.68","125.17","123.93","3.48M","0.55%"
"12/30/2013","124.23","124.79","125.21","123.90","4.69M","-0.80%"
"12/27/2013","125.23","125.00","125.65","124.69","3.46M","0.34%"
"12/26/2013","124.81","123.60","124.99","123.55","3.42M","1.05%"
"12/24/2013","123.51","122.77","123.55","122.69","1.59M","0.58%"
"12/23/2013","122.80","123.41","123.59","122.63","4.06M","0.02%"
"12/20/2013","122.78","122.82","123.79","122.40","9.46M","-0.36%"
"12/19/2013","123.22","121.57","123.40","121.06","6.54M","1.33%"
"12/18/2013","121.60","119.33","121.77","119.21","8.21M","2.41%"
"12/17/2013","118.74","120.12","120.23","118.25","6.83M","-1.23%"
"12/16/2013","120.22","120.46","120.70","119.81","7.31M","0.27%"
"12/13/2013","119.90","120.44","121.14","119.38","5.27M","-0.90%"
"12/12/2013","120.99","121.78","122.10","120.57","7.22M","-0.91%"
"12/11/2013","122.10","123.82","123.89","121.80","7.31M","-1.26%"
"12/10/2013","123.66","123.79","123.94","122.70","5.60M","0.26%"
"12/09/2013","123.34","122.27","123.88","122.16","7.71M","0.86%"
"12/06/2013","122.29","122.05","122.36","121.65","4.18M","0.98%"
"12/05/2013","121.10","121.27","122.00","120.71","4.71M","-0.55%"
"12/04/2013","121.77","122.10","122.83","121.19","4.39M","-0.61%"
"12/03/2013","122.52","122.31","122.90","121.87","5.41M","0.15%"
"12/02/2013","122.34","122.87","123.06","122.05","5.38M","-0.08%"
"11/29/2013","122.44","122.83","123.30","122.00","3.72M","0.02%"
"11/27/2013","122.42","122.62","122.74","121.64","3.91M","-0.29%"
"11/26/2013","122.78","123.41","123.70","122.65","4.60M","-0.78%"
"11/25/2013","123.74","123.77","124.10","123.22","3.93M","-0.23%"
"11/22/2013","124.03","123.54","124.19","122.42","3.89M","0.46%"
"11/21/2013","123.46","122.36","123.60","122.36","4.89M","1.20%"
"11/20/2013","122.00","122.16","122.75","121.60","4.57M","-0.05%"
"11/19/2013","122.06","120.55","122.38","120.27","5.89M","1.24%"
"11/18/2013","120.56","120.70","120.89","120.07","4.79M","0.42%"
"11/15/2013","120.06","119.78","120.27","119.13","6.01M","0.42%"
"11/14/2013","119.56","119.58","119.93","119.32","5.47M","-0.44%"
"11/13/2013","120.09","119.58","120.15","119.19","6.21M","0.07%"
"11/12/2013","120.00","121.03","121.25","119.62","6.92M","-0.89%"
"11/11/2013","121.08","121.18","121.50","120.71","3.43M","-0.09%"
"11/08/2013","121.19","119.67","121.21","119.58","11.33M","1.07%"
"11/07/2013","119.91","121.60","121.88","119.42","10.14M","-1.02%"
"11/06/2013","121.14","119.30","121.41","118.81","8.37M","2.27%"
"11/05/2013","118.45","117.60","118.89","117.07","6.63M","0.30%"
"11/04/2013","118.10","118.59","118.60","117.32","6.67M","0.08%"
"11/01/2013","118.01","119.04","119.44","117.00","9.34M","-1.63%"
"10/31/2013","119.96","120.15","121.33","119.83","7.75M","-0.28%"
"10/30/2013","120.30","121.54","121.96","119.91","5.00M","-0.99%"
"10/29/2013","121.50","121.33","122.01","121.16","4.24M","0.49%"
"10/28/2013","120.91","120.56","121.15","120.09","5.50M","0.27%"
"10/25/2013","120.59","120.59","121.22","120.27","4.27M","0.02%"
"10/24/2013","120.56","120.67","121.00","119.91","4.19M","0.36%"
"10/23/2013","120.13","120.29","120.64","119.83","4.96M","-0.42%"
"10/22/2013","120.64","120.14","120.79","119.71","6.45M","0.68%"
"10/21/2013","119.82","119.63","120.19","119.31","4.36M","0.14%"
"10/18/2013","119.65","119.61","119.85","119.13","6.23M","0.11%"
"10/17/2013","119.52","119.10","119.61","118.67","5.26M","0.30%"
"10/16/2013","119.16","119.42","119.72","118.34","5.62M","0.85%"
"10/15/2013","118.15","118.56","119.07","117.77","6.42M","-0.36%"
"10/14/2013","118.58","117.33","118.75","116.32","4.79M","0.77%"
"10/11/2013","117.67","116.57","117.71","115.93","6.54M","1.11%"
"10/10/2013","116.38","115.24","116.38","114.44","11.14M","0.22%"
"10/09/2013","116.13","116.55","116.80","115.32","8.86M","-0.51%"
"10/08/2013","116.73","117.89","118.09","116.71","6.75M","-0.97%"
"10/07/2013","117.87","117.43","118.50","117.21","5.68M","-0.22%"
"10/04/2013","118.13","118.50","118.54","117.52","6.54M","-0.10%"
"10/03/2013","118.25","120.62","120.66","117.93","10.21M","-2.14%"
"10/02/2013","120.83","121.04","121.18","119.76","5.90M","-0.40%"
"10/01/2013","121.32","121.27","121.74","120.84","4.70M","-0.15%"
"09/30/2013","121.50","121.60","122.02","120.50","6.42M","-0.93%"
"09/27/2013","122.64","123.23","123.26","122.51","4.52M","-0.69%"
"09/26/2013","123.49","124.10","124.44","123.02","5.02M","-0.47%"
"09/25/2013","124.07","124.77","125.03","124.07","4.50M","-0.34%"
"09/24/2013","124.49","125.34","125.84","124.41","6.10M","-0.82%"
"09/23/2013","125.52","124.62","125.62","124.57","5.45M","0.48%"
"09/20/2013","124.92","125.66","126.23","124.74","10.28M","-0.41%"
"09/19/2013","125.44","125.86","126.12","125.25","4.44M","-0.30%"
"09/18/2013","125.82","124.36","126.43","123.82","6.30M","1.19%"
"09/17/2013","124.34","124.10","125.19","124.08","5.46M","0.21%"
"09/16/2013","124.08","124.98","125.19","123.98","4.29M","-0.05%"
"09/13/2013","124.14","123.98","124.83","123.81","3.09M","0.20%"
"09/12/2013","123.89","124.05","124.62","123.64","4.53M","-0.02%"
"09/11/2013","123.92","123.05","124.00","122.79","5.00M","0.74%"
"09/10/2013","123.01","122.82","123.01","121.21","6.00M","0.65%"
"09/09/2013","122.22","121.21","122.47","121.21","4.48M","0.83%"
"09/06/2013","121.21","121.53","122.75","119.01","5.69M","-0.13%"
"09/05/2013","121.37","121.08","121.67","120.91","3.34M","0.42%"
"09/04/2013","120.86","120.35","121.27","119.94","3.67M","0.26%"
"09/03/2013","120.55","121.34","121.48","120.00","4.15M","0.10%"
"08/30/2013","120.43","120.52","120.88","120.07","4.70M","0.05%"
"08/29/2013","120.37","121.15","121.56","120.06","5.49M","-1.18%"
"08/28/2013","121.81","119.46","122.36","119.46","7.62M","2.53%"
"08/27/2013","118.81","118.24","119.67","118.07","5.19M","-0.03%"
"08/26/2013","118.84","119.74","119.92","118.52","3.78M","-0.58%"
"08/23/2013","119.53","118.69","119.73","118.12","4.68M","1.05%"
"08/22/2013","118.29","117.94","119.19","117.43","4.03M","0.50%"
"08/21/2013","117.70","118.38","118.50","117.22","5.65M","-0.50%"
"08/20/2013","118.29","118.59","119.30","118.29","4.49M","-0.31%"
"08/19/2013","118.66","119.69","120.00","118.52","4.31M","-1.02%"
"08/16/2013","119.88","119.89","120.19","119.05","5.65M","-0.31%"
"08/15/2013","120.25","120.68","121.00","120.00","4.25M","-1.47%"
"08/14/2013","122.05","122.76","122.96","121.54","6.89M","-0.37%"
"08/13/2013","122.50","121.93","123.23","121.40","4.46M","0.57%"
"08/12/2013","121.80","122.00","122.07","120.91","6.02M","-0.57%"
"08/09/2013","122.50","123.12","123.12","121.68","5.74M","-0.46%"
"08/08/2013","123.07","123.88","124.21","121.91","5.64M","-0.21%"
"08/07/2013","123.33","123.03","123.92","122.80","3.90M","0.15%"
"08/06/2013","123.14","123.97","124.16","123.01","4.68M","-0.69%"
"08/05/2013","123.99","124.72","124.75","123.76","3.73M","-0.77%"
"08/02/2013","124.95","124.87","125.10","123.30","7.48M","-1.18%"
"08/01/2013","126.44","126.49","126.66","125.64","5.76M","0.44%"
"07/31/2013","125.89","126.02","126.91","125.46","5.40M","0.09%"
"07/30/2013","125.78","126.20","126.96","125.19","4.59M","-0.31%"
"07/29/2013","126.17","127.37","127.37","125.89","4.03M","-1.09%"
"07/26/2013","127.56","127.03","127.62","126.09","4.83M","-0.16%"
"07/25/2013","127.76","126.14","127.83","125.79","4.47M","1.10%"
"07/24/2013","126.37","127.25","127.63","125.90","4.53M","-0.70%"
"07/23/2013","127.26","127.07","127.65","126.70","3.76M","0.18%"
"07/22/2013","127.03","126.71","127.61","126.65","4.06M","0.09%"
"07/19/2013","126.91","125.79","126.91","125.17","5.93M","1.15%"
"07/18/2013","125.47","124.68","125.65","124.64","4.32M","0.90%"
"07/17/2013","124.35","124.65","125.00","124.29","3.64M","0.19%"
"07/16/2013","124.12","124.71","125.24","123.55","4.00M","-0.45%"
"07/15/2013","124.68","124.11","125.14","124.06","4.06M","0.50%"
"07/12/2013","124.06","123.52","124.15","123.04","5.62M","0.23%"
"07/11/2013","123.77","123.95","124.11","122.51","7.24M","0.71%"
"07/10/2013","122.90","123.45","124.54","122.71","5.55M","-0.30%"
"07/09/2013","123.27","122.39","123.74","122.05","6.25M","1.67%"
"07/08/2013","121.24","121.29","122.31","120.98","4.96M","0.61%"
"07/05/2013","120.51","119.69","120.86","119.10","4.39M","1.20%"
"07/03/2013","119.08","119.24","119.30","118.61","3.04M","-0.06%"
"07/02/2013","119.15","119.09","120.33","118.59","4.91M","0.06%"
"07/01/2013","119.08","118.35","120.01","118.00","5.05M","0.63%"
"06/28/2013","118.34","118.79","119.56","118.14","6.51M","-0.31%"
"06/27/2013","118.71","118.52","119.54","118.49","4.46M","0.47%"
"06/26/2013","118.15","118.34","118.54","117.00","4.82M","0.60%"
"06/25/2013","117.45","117.75","117.87","116.92","5.98M","0.54%"
"06/24/2013","116.82","117.71","118.03","116.02","6.79M","-1.77%"
"06/21/2013","118.93","119.24","119.54","117.26","10.69M","0.83%"
"06/20/2013","117.95","119.54","119.66","117.57","7.63M","-2.12%"
"06/19/2013","120.50","121.80","122.38","120.41","4.63M","-0.84%"
"06/18/2013","121.52","121.03","121.72","120.86","4.55M","0.25%"
"06/17/2013","121.22","120.45","121.78","120.28","4.05M","0.78%"
"06/14/2013","120.28","121.13","121.68","120.10","4.42M","-1.13%"
"06/13/2013","121.66","119.90","121.83","119.81","4.66M","1.41%"
"06/12/2013","119.97","122.32","122.73","119.61","5.49M","-1.22%"
"06/11/2013","121.45","121.87","122.76","121.26","4.55M","-1.01%"
"06/10/2013","122.69","122.94","122.98","121.80","5.59M","0.81%"
"06/07/2013","121.70","121.22","121.97","120.14","6.09M","0.92%"
"06/06/2013","120.59","121.27","121.49","118.66","10.14M","-0.81%"
"06/05/2013","121.57","122.34","123.10","121.31","7.75M","-1.13%"
"06/04/2013","122.96","122.82","123.65","122.14","7.68M","-0.91%"
"06/03/2013","124.09","122.35","124.12","122.35","7.26M","1.09%"
"05/31/2013","122.75","124.64","125.30","122.75","7.91M","-1.89%"
"05/30/2013","125.11","125.23","125.97","124.51","4.35M","-0.30%"
"05/29/2013","125.49","126.07","126.73","124.81","6.42M","-0.74%"
"05/28/2013","126.43","126.39","127.40","125.86","6.60M","0.78%"
"05/24/2013","125.45","124.50","125.56","124.33","5.59M","0.04%"
"05/23/2013","125.40","124.21","125.83","124.21","8.10M","0.38%"
"05/22/2013","124.93","125.91","126.98","124.60","9.35M","-0.80%"
"05/21/2013","125.94","124.84","126.20","124.75","6.70M","0.93%"
"05/20/2013","124.78","123.43","124.84","123.18","5.30M","1.10%"
"05/17/2013","123.42","122.74","123.42","122.27","6.85M","0.54%"
"05/16/2013","122.76","122.74","123.37","122.50","5.55M","-0.20%"
"05/15/2013","123.01","123.73","123.73","122.59","7.95M","-1.59%"
"05/14/2013","125.00","122.92","125.00","122.91","6.97M","1.75%"
"05/13/2013","122.85","122.90","123.10","122.17","16.87M","-0.31%"
"05/10/2013","123.23","123.38","123.71","122.11","10.58M","-0.33%"
"05/09/2013","123.64","123.46","123.95","122.96","9.24M","0.23%"
"05/08/2013","123.36","122.98","123.60","122.85","4.48M","0.26%"
"05/07/2013","123.04","123.35","123.72","122.54","4.41M","-0.17%"
"05/06/2013","123.25","123.32","123.78","122.71","4.67M","-0.19%"
"05/03/2013","123.49","122.69","123.91","122.46","6.38M","1.19%"
"05/02/2013","122.04","121.00","122.33","120.63","5.07M","1.47%"
"05/01/2013","120.27","121.25","121.58","120.05","6.08M","-1.43%"
"04/30/2013","122.01","121.05","122.01","120.12","6.91M","0.57%"
"04/29/2013","121.32","120.44","121.60","120.04","5.16M","1.07%"
"04/26/2013","120.04","119.00","120.41","118.68","6.01M","1.29%"
"04/25/2013","118.51","119.07","120.00","118.30","5.60M","0.19%"
"04/24/2013","118.28","118.04","118.68","117.98","4.56M","0.68%"
"04/23/2013","117.48","116.99","118.09","115.90","6.75M","0.78%"
"04/22/2013","116.57","116.39","117.10","115.89","5.44M","0.58%"
"04/19/2013","115.90","116.36","116.95","115.83","7.57M","0.27%"
"04/18/2013","115.59","114.88","116.12","114.60","6.45M","0.68%"
"04/17/2013","114.81","116.40","116.40","114.12","8.29M","-1.88%"
"04/16/2013","117.01","117.34","117.50","116.21","6.51M","0.38%"
"04/15/2013","116.57","118.81","118.90","116.50","9.77M","-2.81%"
"04/12/2013","119.94","120.46","120.90","119.50","6.39M","-0.84%"
"04/11/2013","120.95","119.96","121.15","119.52","6.09M","1.09%"
"04/10/2013","119.64","118.89","119.83","118.51","5.45M","0.84%"
"04/09/2013","118.64","117.99","118.87","117.63","4.85M","0.70%"
"04/08/2013","117.81","117.45","117.87","116.65","4.12M","0.25%"
"04/05/2013","117.52","116.64","117.64","116.17","5.03M","-0.47%"
"04/04/2013","118.07","117.93","118.68","117.17","5.41M","0.25%"
"04/03/2013","117.78","119.18","119.25","117.35","7.18M","-1.03%"
"04/02/2013","119.00","119.84","119.95","118.66","4.81M","-0.51%"
"04/01/2013","119.61","118.99","119.86","118.76","4.32M","0.66%"
"03/28/2013","118.82","120.44","120.73","118.76","8.28M","-1.14%"
"03/27/2013","120.19","120.50","120.72","119.70","4.33M","-0.65%"
"03/26/2013","120.98","120.74","121.13","120.32","4.26M","0.67%"
"03/25/2013","120.18","121.50","121.56","119.56","6.35M","-0.83%"
"03/22/2013","121.18","120.66","121.40","120.48","5.19M","0.70%"
"03/21/2013","120.34","120.00","120.99","119.81","6.17M","-0.01%"
"03/20/2013","120.35","119.98","120.88","119.86","5.95M","0.75%"
"03/19/2013","119.46","119.39","119.81","118.65","5.24M","0.28%"
"03/18/2013","119.13","118.78","119.90","118.70","4.83M","-0.46%"
"03/15/2013","119.68","119.59","119.92","118.91","10.22M","-0.27%"
"03/14/2013","120.00","118.73","120.26","118.60","7.48M","1.39%"
"03/13/2013","118.36","118.38","118.70","118.06","5.39M","0.09%"
"03/12/2013","118.25","118.88","119.30","118.16","4.63M","-0.40%"
"03/11/2013","118.73","118.63","118.80","118.10","4.53M","0.13%"
"03/08/2013","118.57","118.95","119.11","117.99","4.99M","0.01%"
"03/07/2013","118.56","118.62","118.89","118.21","4.38M","0.08%"
"03/06/2013","118.47","118.30","118.78","118.03","5.36M","0.46%"
"03/05/2013","117.93","117.97","118.25","117.67","6.36M","0.37%"
"03/04/2013","117.49","116.78","117.81","116.08","5.05M","0.50%"
"03/01/2013","116.90","116.73","117.24","115.95","5.57M","-0.21%"
"02/28/2013","117.15","116.57","117.89","116.35","5.96M","0.43%"
"02/27/2013","116.65","114.71","116.95","114.71","4.54M","1.47%"
"02/26/2013","114.96","114.47","115.17","113.75","6.11M","1.25%"
"02/25/2013","113.54","116.50","117.34","113.50","7.53M","-2.09%"
"02/22/2013","115.96","115.51","116.23","114.82","5.21M","0.84%"
"02/21/2013","114.99","114.79","115.30","114.09","4.80M","0.00%"
"02/20/2013","114.99","115.93","116.10","114.84","5.45M","-0.80%"
"02/19/2013","115.92","115.19","116.26","115.19","5.02M","0.84%"
"02/15/2013","114.96","115.50","115.70","114.03","6.35M","-0.65%"
"02/14/2013","115.71","115.16","116.26","115.06","5.23M","0.16%"
"02/13/2013","115.53","115.43","115.84","114.91","4.11M","-0.83%"
"02/12/2013","116.50","115.72","116.83","115.51","4.53M","0.74%"
"02/11/2013","115.64","115.68","115.84","115.01","3.77M","0.00%"
"02/08/2013","115.64","114.93","115.78","114.90","4.46M","0.54%"
"02/07/2013","115.02","115.99","116.00","114.33","5.42M","-0.77%"
"02/06/2013","115.91","115.43","115.92","114.85","4.46M","0.09%"
"02/05/2013","115.81","115.74","116.38","115.51","5.07M","0.53%"
"02/04/2013","115.20","115.02","115.89","114.29","6.40M","-1.12%"
"02/01/2013","116.50","115.84","116.69","115.05","6.42M","1.17%"
"01/31/2013","115.15","116.22","116.90","115.15","7.78M","-1.12%"
"01/30/2013","116.45","117.07","117.50","116.26","5.17M","-0.65%"
"01/29/2013","117.21","116.28","117.40","116.25","4.37M","1.01%"
"01/28/2013","116.04","116.56","116.58","115.41","4.52M","-0.14%"
"01/25/2013","116.20","115.52","116.38","115.15","4.75M","0.61%"
"01/24/2013","115.50","115.49","116.37","115.28","4.90M","0.43%"
"01/23/2013","115.01","115.35","115.90","114.93","5.03M","-0.78%"
"01/22/2013","115.91","115.11","115.94","114.53","5.40M","0.58%"
"01/18/2013","115.24","115.23","115.24","114.06","8.54M","0.44%"
"01/17/2013","114.74","114.73","115.86","114.59","6.97M","0.68%"
"01/16/2013","113.97","113.31","114.33","113.17","6.15M","0.47%"
"01/15/2013","113.44","112.26","113.47","112.15","5.64M","0.52%"
"01/14/2013","112.85","111.38","112.95","111.35","6.37M","1.00%"
"01/11/2013","111.73","111.20","112.08","110.80","5.46M","1.14%"
"01/10/2013","110.47","110.19","110.76","110.09","5.28M","0.85%"
"01/09/2013","109.54","109.72","110.08","109.20","4.56M","0.26%"
"01/08/2013","109.26","109.48","109.69","109.10","6.33M","-0.45%"
"01/07/2013","109.75","110.02","110.09","109.19","4.86M","-0.68%"
"01/04/2013","110.50","109.99","110.62","109.90","4.41M","0.53%"
"01/03/2013","109.92","110.14","110.92","109.51","6.82M","-0.43%"
"01/02/2013","110.39","110.27","110.42","108.74","6.14M","2.08%"
"12/31/2012","108.14","105.75","108.23","105.75","6.55M","1.59%"
"12/28/2012","106.45","107.68","107.78","106.30","5.28M","-1.91%"
"12/27/2012","108.52","108.46","108.86","107.27","5.53M","0.06%"
"12/26/2012","108.46","109.10","109.27","108.21","4.09M","-0.16%"
"12/24/2012","108.63","109.30","109.39","108.48","2.29M","-0.98%"
"12/21/2012","109.71","109.57","110.30","108.56","15.62M","-0.61%"
"12/20/2012","110.38","110.00","110.67","109.65","5.88M","0.43%"
"12/19/2012","109.91","110.47","111.11","109.89","7.62M","-0.17%"
"12/18/2012","110.10","108.54","110.40","108.32","7.10M","1.31%"
"12/17/2012","108.68","107.97","108.84","107.94","6.10M","0.80%"
"12/14/2012","107.82","107.61","108.39","107.40","5.89M","-0.08%"
"12/13/2012","107.91","108.54","108.54","107.46","4.91M","-0.16%"
"12/12/2012","108.08","108.17","109.18","107.92","5.97M","0.32%"
"12/11/2012","107.74","107.29","108.23","107.15","5.92M","0.73%"
"12/10/2012","106.96","107.10","107.69","106.47","5.51M","-0.03%"
"12/07/2012","106.99","106.73","107.00","106.14","4.95M","0.51%"
"12/06/2012","106.45","105.49","106.50","105.29","7.39M","1.22%"
"12/05/2012","105.17","104.38","105.81","104.00","6.43M","1.16%"
"12/04/2012","103.96","104.40","105.09","103.94","6.67M","-0.67%"
"12/03/2012","104.66","106.00","106.07","104.38","5.74M","-0.97%"
"11/30/2012","105.69","106.10","106.37","105.27","6.68M","-0.09%"
"11/29/2012","105.79","105.89","106.69","105.38","5.76M","0.20%"
"11/28/2012","105.58","102.98","105.62","102.76","7.03M","2.13%"
"11/27/2012","103.38","105.00","105.16","103.20","6.61M","-1.53%"
"11/26/2012","104.99","104.75","104.99","104.25","4.35M","-0.46%"
"11/23/2012","105.47","104.87","105.47","104.46","2.78M","1.32%"
"11/21/2012","104.10","103.95","104.12","103.41","3.66M","0.52%"
"11/20/2012","103.56","104.01","104.12","102.92","5.28M","-0.76%"
"11/19/2012","104.35","103.67","104.35","103.14","6.85M","1.90%"
"11/16/2012","102.40","101.56","102.49","101.00","8.24M","0.77%"
"11/15/2012","101.62","101.99","103.47","100.66","9.78M","-0.86%"
"11/14/2012","102.50","104.99","105.01","102.22","8.61M","-2.64%"
"11/13/2012","105.28","105.37","106.45","105.20","4.84M","-0.61%"
"11/12/2012","105.93","106.45","106.52","105.49","4.00M","0.09%"
"11/09/2012","105.84","105.26","106.69","105.08","5.84M","-0.03%"
"11/08/2012","105.87","107.23","107.67","105.87","6.21M","-1.53%"
"11/07/2012","107.51","109.24","109.30","106.78","7.63M","-2.58%"
"11/06/2012","110.36","109.65","110.69","109.25","5.38M","1.07%"
"11/05/2012","109.19","107.74","109.34","107.74","4.06M","0.76%"
"11/02/2012","108.37","110.70","111.21","107.57","8.38M","-2.77%"
"11/01/2012","111.46","110.02","111.69","109.89","6.48M","1.11%"
"10/31/2012","110.24","111.93","111.94","109.25","5.96M","-0.85%"
"10/26/2012","111.18","110.67","111.69","110.58","4.78M","0.20%"
"10/25/2012","110.96","110.63","110.97","109.65","4.89M","1.14%"
"10/24/2012","109.71","109.42","110.49","109.03","5.09M","0.30%"
"10/23/2012","109.38","111.58","111.58","109.10","8.01M","-2.98%"
"10/22/2012","112.74","113.61","113.70","111.73","4.81M","-0.56%"
"10/19/2012","113.38","114.90","114.99","113.11","7.16M","-1.12%"
"10/18/2012","114.66","114.55","115.03","114.37","6.17M","-0.45%"
"10/17/2012","115.18","114.36","115.36","114.36","5.22M","0.96%"
"10/16/2012","114.09","113.48","114.41","113.32","4.79M","1.13%"
"10/15/2012","112.82","112.16","113.04","111.10","5.78M","0.67%"
"10/12/2012","112.07","113.08","113.29","111.61","5.92M","-0.88%"
"10/11/2012","113.06","113.37","114.22","113.06","7.28M","0.54%"
"10/10/2012","112.45","114.64","115.05","112.01","15.96M","-4.18%"
"10/09/2012","117.36","117.52","118.38","117.35","5.99M","-0.22%"
"10/08/2012","117.62","117.19","117.87","116.95","3.44M","0.10%"
"10/05/2012","117.50","117.42","118.25","117.12","4.51M","0.30%"
"10/04/2012","117.15","116.64","117.47","116.47","5.43M","0.87%"
"10/03/2012","116.14","117.65","117.74","116.05","7.36M","-1.54%"
"10/02/2012","117.96","117.65","118.08","116.92","6.01M","0.61%"
"10/01/2012","117.25","116.92","118.25","116.87","4.92M","0.59%"
"09/28/2012","116.56","116.88","116.89","116.15","5.64M","-0.55%"
"09/27/2012","117.20","116.78","117.40","116.52","5.48M","0.77%"
"09/26/2012","116.30","116.82","117.00","116.15","5.59M","-0.54%"
"09/25/2012","116.93","118.18","118.50","116.53","7.57M","-0.72%"
"09/24/2012","117.78","117.55","118.49","117.46","6.81M","-0.02%"
"09/21/2012","117.80","118.53","118.53","117.47","10.28M","-0.04%"
"09/20/2012","117.85","116.14","118.17","115.50","7.29M","1.07%"
"09/19/2012","116.60","117.09","117.18","115.83","5.98M","-0.32%"
"09/18/2012","116.97","116.99","117.65","116.59","5.10M","-0.15%"
"09/17/2012","117.14","117.17","118.50","116.89","7.41M","-0.09%"
"09/14/2012","117.25","116.93","118.22","116.48","8.98M","0.59%"
"09/13/2012","116.56","114.73","116.97","114.12","7.74M","1.82%"
"09/12/2012","114.48","114.23","114.74","114.03","4.42M","0.26%"
"09/11/2012","114.18","114.07","114.75","114.00","4.76M","0.19%"
"09/10/2012","113.96","114.20","114.54","113.60","5.21M","-0.04%"
"09/07/2012","114.00","112.97","114.00","112.74","5.06M","0.86%"
"09/06/2012","113.03","111.57","113.44","111.57","5.53M","2.04%"
"09/05/2012","110.77","111.60","111.73","110.59","4.44M","-0.40%"
"09/04/2012","111.22","112.03","112.27","110.88","4.63M","-0.84%"
"08/31/2012","112.16","111.67","112.95","111.67","5.56M","1.11%"
"08/30/2012","110.93","111.49","111.69","110.92","3.52M","-0.78%"
"08/29/2012","111.80","112.33","112.44","111.60","3.30M","-0.49%"
"08/28/2012","112.35","111.84","112.81","111.77","3.34M","0.55%"
"08/27/2012","111.73","112.18","112.39","111.46","3.39M","-0.25%"
"08/24/2012","112.01","110.77","112.20","110.76","3.45M","0.65%"
"08/23/2012","111.29","112.08","112.17","110.95","4.19M","-0.77%"
"08/22/2012","112.15","111.90","112.35","111.28","4.45M","0.15%"
"08/21/2012","111.98","112.81","113.45","111.78","4.65M","-0.48%"
"08/20/2012","112.52","112.69","112.89","112.14","3.91M","-0.12%"
"08/17/2012","112.66","113.31","113.57","112.51","5.64M","-0.58%"
"08/16/2012","113.32","112.72","113.59","112.10","5.39M","0.67%"
"08/15/2012","112.57","112.13","113.00","112.00","4.54M","-0.66%"
"08/14/2012","113.32","113.70","113.87","112.96","6.29M","0.04%"
"08/13/2012","113.28","113.32","113.59","112.71","4.34M","-0.24%"
"08/10/2012","113.55","111.96","113.64","111.28","5.11M","0.82%"
"08/09/2012","112.63","112.26","113.28","111.73","4.85M","0.44%"
"08/08/2012","112.14","111.50","112.64","111.36","5.44M","0.17%"
"08/07/2012","111.95","111.60","112.39","111.51","5.45M","0.57%"
"08/06/2012","111.31","110.75","112.10","110.70","5.20M","0.17%"
"08/03/2012","111.12","111.14","111.88","110.90","5.97M","1.71%"
"08/02/2012","109.25","109.46","109.93","108.47","6.66M","-1.13%"
"08/01/2012","110.50","109.72","111.23","109.14","8.36M","0.84%"
"07/31/2012","109.58","109.55","110.82","109.53","10.02M","-0.22%"
"07/30/2012","109.82","108.87","109.93","108.76","5.79M","0.51%"
"07/27/2012","109.26","109.38","109.50","107.13","8.34M","0.91%"
"07/26/2012","108.27","107.59","108.63","107.26","6.81M","2.08%"
"07/25/2012","106.06","106.52","106.77","105.28","5.48M","-0.23%"
"07/24/2012","106.30","108.16","108.16","104.61","6.66M","-1.53%"
"07/23/2012","107.95","107.25","108.28","106.03","5.96M","-1.14%"
"07/20/2012","109.19","108.16","109.25","107.50","9.37M","0.32%"
"07/19/2012","108.84","107.92","108.98","107.12","6.83M","0.89%"
"07/18/2012","107.88","106.79","107.98","106.66","5.52M","0.42%"
"07/17/2012","107.43","106.99","107.50","105.58","6.67M","0.61%"
"07/16/2012","106.78","105.71","107.25","105.50","5.19M","0.73%"
"07/13/2012","106.01","105.34","106.19","104.87","6.77M","0.93%"
"07/12/2012","105.03","104.31","106.08","104.27","7.87M","0.17%"
"07/11/2012","104.85","104.31","105.63","104.02","5.93M","0.93%"
"07/10/2012","103.88","104.87","105.39","103.29","6.42M","-0.56%"
"07/09/2012","104.46","104.97","105.04","103.55","5.23M","-0.58%"
"07/06/2012","105.07","104.99","105.35","104.39","4.61M","-0.91%"
"07/05/2012","106.03","106.27","107.05","105.73","5.05M","-1.25%"
"07/03/2012","107.37","106.29","107.42","106.22","4.08M","1.43%"
"07/02/2012","105.86","105.59","106.09","104.69","5.70M","0.34%"
"06/29/2012","105.50","105.32","105.51","104.35","10.65M","1.97%"
"06/28/2012","103.46","101.85","103.65","101.43","7.01M","0.87%"
"06/27/2012","102.57","101.46","102.90","101.25","5.74M","1.60%"
"06/26/2012","100.95","98.97","101.29","98.83","7.62M","1.89%"
"06/25/2012","99.08","99.34","99.56","98.17","7.09M","-1.35%"
"06/22/2012","100.44","100.65","101.12","99.58","11.71M","0.42%"
"06/21/2012","100.02","103.46","103.75","99.87","8.49M","-3.48%"
"06/20/2012","103.63","104.04","104.55","102.59","7.61M","-0.41%"
"06/19/2012","104.06","103.99","104.65","103.77","6.12M","0.58%"
"06/18/2012","103.46","103.14","103.97","103.00","6.63M","-0.83%"
"06/15/2012","104.33","103.00","104.50","102.64","11.09M","2.36%"
"06/14/2012","101.92","100.17","102.17","99.90","6.54M","1.79%"
"06/13/2012","100.13","100.68","101.40","99.71","5.19M","-0.61%"
"06/12/2012","100.74","100.20","100.90","99.56","5.93M","0.83%"
"06/11/2012","99.91","101.99","102.33","99.57","7.04M","-0.92%"
"06/08/2012","100.84","99.89","101.00","99.69","5.76M","0.45%"
"06/07/2012","100.39","100.98","102.00","100.18","7.97M","0.59%"
"06/06/2012","99.80","97.89","99.80","97.58","7.15M","3.43%"
"06/05/2012","96.49","96.39","96.87","95.78","5.89M","-0.09%"
"06/04/2012","96.58","96.48","97.14","95.73","6.79M","0.18%"
"06/01/2012","96.41","96.65","97.29","96.02","9.24M","-1.93%"
"05/31/2012","98.31","98.06","99.16","96.68","9.37M","0.70%"
"05/30/2012","97.63","99.11","99.11","97.50","7.28M","-2.60%"
"05/29/2012","100.24","99.81","100.85","99.50","5.22M","1.40%"
"05/25/2012","98.86","100.04","100.24","98.42","5.56M","-1.20%"
"05/24/2012","100.06","99.26","100.12","98.55","6.32M","1.07%"
"05/23/2012","99.00","98.33","99.00","96.70","8.01M","-0.32%"
"05/22/2012","99.32","99.93","100.68","98.73","6.09M","-0.37%"
"05/21/2012","99.69","98.81","99.74","98.35","6.17M","1.25%"
"05/18/2012","98.46","100.48","100.75","98.24","11.14M","-1.68%"
"05/17/2012","100.14","100.20","101.41","99.89","6.53M","0.04%"
"05/16/2012","100.10","100.77","101.78","100.01","6.43M","-0.79%"
"05/15/2012","100.90","102.04","102.66","100.71","8.42M","-1.02%"
"05/14/2012","101.94","101.74","102.30","101.27","7.02M","-0.73%"
"05/11/2012","102.69","102.95","103.95","102.47","4.94M","-0.65%"
"05/10/2012","103.36","102.83","104.24","102.65","21.11M","1.55%"
"05/09/2012","101.78","101.61","102.50","101.37","6.12M","-1.03%"
"05/08/2012","102.84","102.75","103.21","101.55","8.17M","-0.45%"
"05/07/2012","103.31","103.08","103.82","102.59","6.13M","-0.40%"
"05/04/2012","103.72","105.27","105.49","103.25","6.24M","-2.14%"
"05/03/2012","105.99","107.04","107.06","105.41","4.88M","-0.97%"
"05/02/2012","107.03","107.51","107.65","106.59","4.84M","-1.15%"
"05/01/2012","108.27","106.74","108.79","106.39","6.18M","1.60%"
"04/30/2012","106.56","106.16","106.61","105.81","4.73M","0.34%"
"04/27/2012","106.20","106.78","106.80","105.67","5.00M","-0.02%"
"04/26/2012","106.22","104.00","106.70","103.99","8.54M","2.28%"
"04/25/2012","103.85","103.56","103.89","102.62","5.31M","0.80%"
"04/24/2012","103.03","102.77","103.17","102.14","4.10M","0.58%"
"04/23/2012","102.44","101.19","102.72","100.89","5.59M","-0.08%"
"04/20/2012","102.52","103.11","103.84","102.42","5.82M","0.01%"
"04/19/2012","102.51","103.27","103.64","102.18","6.77M","-0.85%"
"04/18/2012","103.39","103.42","103.97","102.85","4.84M","-0.22%"
"04/17/2012","103.62","102.46","104.09","102.34","5.50M","2.08%"
"04/16/2012","101.51","101.62","102.24","101.17","6.07M","0.72%"
"04/13/2012","100.78","102.29","102.36","100.72","6.85M","-1.76%"
"04/12/2012","102.59","100.89","102.86","100.51","6.45M","1.62%"
"04/11/2012","100.95","102.31","102.45","100.78","8.57M","-0.49%"
"04/10/2012","101.45","103.25","103.38","101.40","8.91M","-1.97%"
"04/09/2012","103.49","103.30","104.08","102.85","4.98M","-1.20%"
"04/05/2012","104.75","105.17","105.90","104.33","5.98M","-0.80%"
"04/04/2012","105.60","106.25","106.26","105.03","5.43M","-1.44%"
"04/03/2012","107.14","107.93","108.23","106.23","4.69M","-1.07%"
"04/02/2012","108.30","106.85","108.79","106.60","5.19M","1.02%"
"03/30/2012","107.21","107.04","107.25","106.41","6.12M","0.34%"
"03/29/2012","106.85","105.08","107.02","104.92","5.80M","0.91%"
"03/28/2012","105.89","106.57","106.96","105.20","6.82M","-1.07%"
"03/27/2012","107.04","107.88","108.00","107.01","4.33M","-0.74%"
"03/26/2012","107.84","107.23","107.97","106.83","5.31M","1.39%"
"03/23/2012","106.36","105.68","106.90","104.85","6.60M","0.96%"
"03/22/2012","105.35","106.85","106.99","105.03","8.28M","-2.37%"
"03/21/2012","107.91","108.95","109.02","107.35","7.55M","-1.07%"
"03/20/2012","109.08","109.93","109.93","108.93","6.16M","-1.46%"
"03/19/2012","110.70","110.52","111.06","110.30","5.69M","0.38%"
"03/16/2012","110.28","110.43","110.83","110.10","11.09M","0.23%"
"03/15/2012","110.03","110.51","110.93","109.47","8.90M","-0.60%"
"03/14/2012","110.69","111.05","112.28","110.54","8.82M","-0.45%"
"03/13/2012","111.19","110.22","111.31","109.43","7.33M","1.08%"
"03/12/2012","110.00","109.65","110.00","109.16","5.33M","0.39%"
"03/09/2012","109.57","109.89","110.41","109.37","5.70M","-0.42%"
"03/08/2012","110.03","109.80","110.57","109.56","5.51M","0.52%"
"03/07/2012","109.46","109.00","109.95","108.19","6.87M","0.56%"
"03/06/2012","108.85","108.14","109.03","108.00","7.48M","-0.43%"
"03/05/2012","109.32","109.14","109.45","108.14","5.94M","-0.26%"
"03/02/2012","109.61","109.50","109.87","109.00","5.38M","-0.14%"
"03/01/2012","109.76","109.17","110.14","109.10","5.98M","0.59%"
"02/29/2012","109.12","110.40","110.92","108.92","10.57M","-0.45%"
"02/28/2012","109.61","109.68","110.40","109.18","9.13M","-0.02%"
"02/27/2012","109.63","108.29","110.22","108.28","7.72M","0.50%"
"02/24/2012","109.08","108.80","109.40","108.50","5.83M","0.67%"
"02/23/2012","108.35","107.54","108.50","107.32","5.51M","0.79%"
"02/22/2012","107.50","108.16","108.56","107.20","7.15M","-0.84%"
"02/21/2012","108.41","107.51","108.50","107.44","7.15M","1.64%"
"02/17/2012","106.66","107.02","107.24","106.04","5.67M","0.13%"
"02/16/2012","106.52","105.52","106.57","104.80","5.73M","1.45%"
"02/15/2012","105.00","106.24","106.24","104.59","6.55M","-1.40%"
"02/14/2012","106.49","106.25","106.53","105.56","5.98M","0.10%"
"02/13/2012","106.38","106.16","106.53","105.45","4.70M","1.04%"
"02/10/2012","105.28","105.19","105.52","104.58","6.14M","-1.02%"
"02/09/2012","106.37","107.18","107.41","106.07","4.75M","-0.37%"
"02/08/2012","106.76","107.27","107.50","106.09","5.38M","-0.07%"
"02/07/2012","106.83","106.02","107.06","105.44","6.03M","0.15%"
"02/06/2012","106.67","104.62","106.76","104.37","6.44M","1.11%"
"02/03/2012","105.50","104.91","105.60","104.48","6.82M","1.75%"
"02/02/2012","103.69","103.03","103.96","102.88","5.90M","0.88%"
"02/01/2012","102.79","104.42","104.42","102.68","7.83M","-0.32%"
"01/31/2012","103.12","104.61","104.78","102.40","8.32M","-0.28%"
"01/30/2012","103.41","103.40","103.50","102.08","7.62M","-0.53%"
"01/27/2012","103.96","104.39","104.67","103.12","10.58M","-2.47%"
"01/26/2012","106.59","108.03","108.57","106.35","7.00M","-1.06%"
"01/25/2012","107.73","106.37","108.00","105.09","8.02M","0.95%"
"01/24/2012","106.72","106.45","107.09","106.18","5.04M","-0.27%"
"01/23/2012","107.01","106.99","107.50","106.56","6.51M","0.11%"
"01/20/2012","106.89","106.95","107.20","106.25","7.29M","-0.04%"
"01/19/2012","106.93","107.21","107.50","105.82","5.67M","0.09%"
"01/18/2012","106.83","106.00","106.94","105.20","6.58M","0.10%"
"01/17/2012","106.72","107.27","107.98","106.03","6.93M","0.59%"
"01/13/2012","106.09","104.62","106.15","103.51","8.27M","1.07%"
"01/12/2012","104.97","104.52","106.04","104.52","11.90M","-2.60%"
"01/11/2012","107.77","108.51","108.65","107.13","7.81M","-1.18%"
"01/10/2012","109.06","110.12","110.66","108.90","7.64M","-0.39%"
"01/09/2012","109.49","108.24","109.67","108.03","7.12M","1.09%"
"01/06/2012","108.31","109.41","109.61","108.09","8.21M","-0.72%"
"01/05/2012","109.10","109.39","109.54","107.97","7.19M","-0.98%"
"01/04/2012","110.18","109.83","110.37","109.20","8.02M","-0.17%"
"01/03/2012","110.37","108.74","110.99","108.73","11.52M","3.73%"
"12/30/2011","106.40","106.79","107.50","106.18","5.01M","-1.00%"
"12/29/2011","107.47","106.38","107.56","106.32","4.47M","1.43%"
"12/28/2011","105.96","107.86","108.16","105.88","5.31M","-1.87%"
"12/27/2011","107.98","107.26","108.49","107.26","4.14M","0.45%"
"12/23/2011","107.50","106.63","107.61","106.10","3.78M","1.12%"
"12/22/2011","106.31","105.51","106.58","105.06","7.48M","0.83%"
"12/21/2011","105.43","103.68","105.53","103.55","8.16M","1.70%"
"12/20/2011","103.67","101.94","103.85","101.78","7.28M","3.96%"
"12/19/2011","99.72","101.16","101.33","99.50","5.98M","-1.13%"
"12/16/2011","100.86","100.32","100.86","99.59","14.71M","1.19%"
"12/15/2011","99.67","101.23","101.60","99.32","9.67M","-0.86%"
"12/14/2011","100.53","102.75","104.02","99.51","15.52M","-2.98%"
"12/13/2011","103.62","104.22","105.89","103.10","8.99M","0.53%"
"12/12/2011","103.07","104.02","104.23","101.50","7.60M","-1.13%"
"12/09/2011","104.25","102.74","104.50","102.71","6.62M","1.96%"
"12/08/2011","102.25","104.00","104.80","101.95","7.72M","-2.17%"
"12/07/2011","104.52","104.22","105.74","103.97","10.33M","0.15%"
"12/06/2011","104.36","103.10","104.73","102.84","7.45M","1.50%"
"12/05/2011","102.82","103.58","104.00","102.04","6.12M","1.11%"
"12/02/2011","101.69","103.04","103.19","101.50","6.64M","-0.14%"
"12/01/2011","101.83","102.82","103.00","100.96","7.01M","-0.96%"
"11/30/2011","102.82","100.50","102.82","100.11","13.37M","5.58%"
"11/29/2011","97.39","95.96","98.05","95.75","8.85M","1.69%"
"11/28/2011","95.77","96.03","96.35","95.00","8.40M","3.77%"
"11/25/2011","92.29","94.03","94.45","92.29","5.26M","-1.56%"
"11/23/2011","93.75","95.42","95.58","93.75","11.67M","-2.77%"
"11/22/2011","96.42","95.68","97.25","95.00","8.94M","0.79%"
"11/21/2011","95.66","96.92","96.94","94.45","15.02M","-2.27%"
"11/18/2011","97.88","100.52","101.50","97.52","13.68M","-2.20%"
"11/17/2011","100.08","100.75","102.13","98.75","11.80M","-0.96%"
"11/16/2011","101.05","102.51","103.42","100.74","12.58M","-2.15%"
"11/15/2011","103.27","106.23","107.33","102.58","24.34M","-2.73%"
"11/14/2011","106.17","106.20","106.74","105.38","5.53M","-0.82%"
"11/11/2011","107.05","106.69","107.52","106.61","6.35M","1.47%"
"11/10/2011","105.50","105.32","106.01","103.50","10.03M","1.17%"
"11/09/2011","104.28","105.80","106.49","103.88","12.06M","-4.21%"
"11/08/2011","108.86","108.27","109.00","106.50","7.76M","1.06%"
"11/07/2011","107.72","106.65","108.53","105.54","7.82M","1.21%"
"11/04/2011","106.43","105.75","106.60","104.48","8.40M","0.28%"
"11/03/2011","106.13","105.84","106.35","104.70","9.28M","1.52%"
"11/02/2011","104.54","103.96","104.93","103.14","8.39M","2.41%"
"11/01/2011","102.08","101.47","103.68","100.79","15.22M","-2.83%"
"10/31/2011","105.05","107.72","108.00","105.05","11.46M","-4.19%"
"10/28/2011","109.64","108.85","109.99","107.26","10.34M","0.61%"
"10/27/2011","108.97","107.84","110.01","107.62","14.01M","2.06%"
"10/26/2011","106.77","106.08","106.84","104.46","9.96M","2.17%"
"10/25/2011","104.50","106.62","106.91","104.33","8.45M","-1.67%"
"10/24/2011","106.27","105.50","106.87","105.27","7.91M","0.70%"
"10/21/2011","105.53","104.50","105.84","104.21","10.89M","2.07%"
"10/20/2011","103.39","102.68","103.66","101.72","8.71M","1.12%"
"10/19/2011","102.24","102.69","104.08","101.71","8.65M","-0.69%"
"10/18/2011","102.95","99.03","104.15","97.97","12.17M","4.40%"
"10/17/2011","98.61","99.91","100.25","98.40","6.58M","-1.85%"
"10/14/2011","100.47","98.97","100.56","98.85","7.37M","2.74%"
"10/13/2011","97.79","96.62","98.10","96.25","6.51M","0.01%"
"10/12/2011","97.78","98.11","98.75","96.69","8.87M","0.18%"
"10/11/2011","97.60","97.21","98.64","97.15","7.61M","-0.61%"
"10/10/2011","98.20","96.13","98.24","96.09","7.50M","4.03%"
"10/07/2011","94.40","95.67","95.73","93.66","10.53M","-0.22%"
"10/06/2011","94.61","93.38","94.81","92.72","10.17M","-0.05%"
"10/05/2011","94.66","92.14","94.74","91.03","13.06M","3.48%"
"10/04/2011","91.48","88.72","91.84","86.68","15.40M","1.78%"
"10/03/2011","89.88","91.93","92.77","89.85","11.39M","-2.93%"
"09/30/2011","92.59","92.96","94.80","92.52","11.92M","-1.91%"
"09/29/2011","94.39","94.19","94.48","92.32","10.10M","2.89%"
"09/28/2011","91.74","93.99","95.33","91.54","10.34M","-1.92%"
"09/27/2011","93.54","94.16","95.35","93.05","11.08M","2.24%"
"09/26/2011","91.49","90.65","91.65","88.76","11.90M","1.64%"
"09/23/2011","90.01","90.13","90.84","88.56","12.23M","-0.18%"
"09/22/2011","90.17","90.91","91.51","88.59","16.69M","-4.35%"
"09/21/2011","94.27","97.21","97.78","94.14","9.27M","-3.60%"
"09/20/2011","97.79","99.28","99.74","97.74","8.66M","-0.93%"
"09/19/2011","98.71","97.19","99.34","96.60","8.52M","-0.92%"
"09/16/2011","99.63","100.00","100.16","98.29","13.86M","0.37%"
"09/15/2011","99.26","98.72","99.50","98.06","9.24M","2.00%"
"09/14/2011","97.31","96.31","99.00","95.15","11.33M","1.44%"
"09/13/2011","95.93","96.76","96.84","94.63","11.45M","0.02%"
"09/12/2011","95.91","93.94","95.93","93.16","13.62M","0.76%"
"09/09/2011","95.19","97.01","97.39","94.78","13.35M","-3.27%"
"09/08/2011","98.41","98.89","100.58","98.00","9.61M","-0.89%"
"09/07/2011","99.29","98.27","99.44","97.86","10.57M","3.85%"
"09/06/2011","95.61","93.58","95.80","92.75","10.28M","-0.83%"
"09/02/2011","96.41","96.31","97.06","95.07","8.98M","-2.14%"
"09/01/2011","98.52","99.01","100.48","98.50","10.12M","-0.32%"
"08/31/2011","98.84","98.85","99.72","98.08","11.24M","0.45%"
"08/30/2011","98.40","97.97","98.98","96.74","9.20M","-0.34%"
"08/29/2011","98.74","98.28","98.76","96.58","9.73M","1.95%"
"08/26/2011","96.85","94.68","97.35","93.36","9.22M","0.93%"
"08/25/2011","95.96","98.05","98.52","95.29","9.82M","-1.67%"
"08/24/2011","97.59","96.83","97.76","96.07","7.64M","0.27%"
"08/23/2011","97.33","93.92","97.38","93.46","12.30M","4.32%"
"08/22/2011","93.30","96.55","96.55","92.95","10.07M","0.01%"
"08/19/2011","93.29","92.09","95.36","92.08","13.45M","0.05%"
"08/18/2011","93.24","95.14","95.38","91.75","15.09M","-4.55%"
"08/17/2011","97.68","98.41","99.09","97.11","8.59M","-0.47%"
"08/16/2011","98.14","97.99","99.28","97.15","9.84M","-0.97%"
"08/15/2011","99.10","97.00","99.23","96.79","11.86M","3.38%"
"08/12/2011","95.86","95.64","97.05","94.92","13.37M","1.90%"
"08/11/2011","94.07","92.07","95.14","90.78","30.72M","3.86%"
"08/10/2011","90.57","92.71","93.85","89.74","18.07M","-3.03%"
"08/09/2011","93.40","91.60","93.71","87.30","21.01M","3.49%"
"08/08/2011","90.25","94.28","95.79","89.75","23.08M","-7.54%"
"08/05/2011","97.61","98.03","99.34","93.82","17.60M","0.80%"
"08/04/2011","96.84","100.78","100.98","96.51","20.54M","-5.76%"
"08/03/2011","102.76","103.53","103.74","100.87","12.03M","-0.67%"
"08/02/2011","103.45","104.72","105.70","103.43","10.41M","-1.83%"
"08/01/2011","105.38","106.08","106.13","103.92","9.31M","1.31%"
"07/29/2011","104.02","103.72","105.23","103.07","9.70M","-0.96%"
"07/28/2011","105.03","105.15","105.85","104.43","6.66M","-0.57%"
"07/27/2011","105.63","106.97","107.00","105.47","7.41M","-1.80%"
"07/26/2011","107.57","107.91","108.47","107.34","4.86M","-0.49%"
"07/25/2011","108.10","107.55","109.00","107.46","6.28M","-0.80%"
"07/22/2011","108.97","109.39","109.66","108.82","5.42M","-0.42%"
"07/21/2011","109.43","107.88","109.75","107.76","8.32M","2.18%"
"07/20/2011","107.10","107.51","107.65","106.88","5.04M","-0.35%"
"07/19/2011","107.48","106.49","107.80","106.49","6.99M","1.18%"
"07/18/2011","106.23","105.58","106.50","105.11","6.95M","0.04%"
"07/15/2011","106.19","105.68","106.30","105.14","10.16M","1.45%"
"07/14/2011","104.67","105.70","106.47","104.57","7.28M","-0.40%"
"07/13/2011","105.09","104.74","106.61","104.72","6.87M","0.67%"
"07/12/2011","104.39","103.99","105.95","103.99","9.16M","-0.02%"
"07/11/2011","104.41","104.43","104.64","103.75","6.98M","-1.40%"
"07/08/2011","105.89","105.45","106.00","105.07","6.33M","-0.66%"
"07/07/2011","106.59","106.08","106.92","105.80","7.88M","1.44%"
"07/06/2011","105.08","104.82","105.23","104.57","6.20M","-0.04%"
"07/05/2011","105.12","104.11","105.76","104.11","7.38M","0.99%"
"07/01/2011","104.09","102.71","104.19","102.01","6.58M","1.22%"
"06/30/2011","102.84","101.79","102.94","101.28","7.70M","1.54%"
"06/29/2011","101.28","100.69","101.71","99.91","7.64M","0.93%"
"06/28/2011","100.35","99.53","100.60","99.30","6.11M","1.47%"
"06/27/2011","98.90","97.94","99.64","97.94","7.13M","1.02%"
"06/24/2011","97.90","99.54","99.74","97.81","8.03M","-1.47%"
"06/23/2011","99.36","98.90","99.55","97.00","13.06M","-1.69%"
"06/22/2011","101.07","101.27","102.46","101.00","6.60M","-0.51%"
"06/21/2011","101.59","100.54","101.98","100.32","8.50M","1.68%"
"06/20/2011","99.91","98.88","100.20","98.65","6.43M","0.75%"
"06/17/2011","99.17","100.23","100.84","98.73","12.04M","-0.26%"
"06/16/2011","99.43","98.06","99.66","97.81","7.79M","1.04%"
"06/15/2011","98.41","99.20","99.91","97.71","9.67M","-2.18%"
"06/14/2011","100.60","100.02","101.29","99.89","7.36M","1.69%"
"06/13/2011","98.93","100.04","100.51","98.07","8.00M","-0.74%"
"06/10/2011","99.67","100.94","101.00","98.98","9.11M","-1.54%"
"06/09/2011","101.23","100.51","101.87","100.32","5.74M","1.28%"
"06/08/2011","99.95","99.51","100.84","99.50","6.94M","0.48%"
"06/07/2011","99.47","100.23","100.91","99.38","6.84M","-0.21%"
"06/06/2011","99.68","100.90","101.31","99.30","6.98M","-1.31%"
"06/03/2011","101.00","99.73","101.69","99.57","7.69M","-0.12%"
"06/02/2011","101.12","102.35","102.59","100.36","8.13M","-1.34%"
"06/01/2011","102.49","104.73","104.95","102.08","8.20M","-2.31%"
"05/31/2011","104.91","104.61","105.21","103.71","8.19M","1.65%"
"05/27/2011","103.21","103.64","104.22","102.53","5.80M","-0.15%"
"05/26/2011","103.36","102.99","103.80","102.10","6.62M","0.11%"
"05/25/2011","103.25","102.00","103.86","101.81","7.95M","0.96%"
"05/24/2011","102.27","101.85","103.39","101.85","6.80M","0.89%"
"05/23/2011","101.37","101.13","101.91","100.70","7.49M","-1.17%"
"05/20/2011","102.57","103.55","103.81","101.77","8.77M","-1.25%"
"05/19/2011","103.87","103.69","104.53","102.94","7.46M","0.98%"
"05/18/2011","102.86","100.92","103.46","100.17","8.19M","2.44%"
"05/17/2011","100.41","100.31","101.19","99.61","8.77M","-1.22%"
"05/16/2011","101.65","102.03","103.29","101.41","6.76M","-0.72%"
"05/13/2011","102.39","103.45","103.49","101.27","8.96M","-0.36%"
"05/12/2011","102.76","101.63","103.32","100.41","10.43M","0.49%"
"05/11/2011","102.26","103.27","103.46","101.25","10.17M","-2.01%"
"05/10/2011","104.36","104.32","104.95","103.25","6.43M","0.26%"
"05/09/2011","104.09","103.25","104.86","103.00","7.11M","1.18%"
"05/06/2011","102.88","103.34","104.45","102.00","9.53M","0.25%"
"05/05/2011","102.62","103.36","104.12","101.11","11.99M","-1.97%"
"05/04/2011","104.68","106.02","106.02","103.70","8.90M","-1.40%"
"05/03/2011","106.17","107.58","107.84","105.19","7.96M","-1.86%"
"05/02/2011","108.18","109.48","109.58","107.61","6.55M","-1.15%"
"04/29/2011","109.44","108.48","109.60","107.78","6.76M","0.58%"
"04/28/2011","108.81","109.08","109.10","108.08","5.95M","-0.15%"
"04/27/2011","108.97","109.11","109.17","107.55","5.98M","0.20%"
"04/26/2011","108.75","107.85","108.83","107.16","5.32M","1.24%"
"04/25/2011","107.42","107.37","107.78","106.68","4.00M","-0.66%"
"04/21/2011","108.13","108.25","108.25","107.49","4.94M","0.30%"
"04/20/2011","107.81","107.71","108.34","107.01","6.68M","2.29%"
"04/19/2011","105.40","104.49","105.85","104.27","5.00M","0.86%"
"04/18/2011","104.50","104.95","104.99","103.04","7.20M","-1.64%"
"04/15/2011","106.24","105.52","106.50","104.35","8.87M","1.30%"
"04/14/2011","104.88","103.32","105.29","103.13","7.08M","1.03%"
"04/13/2011","103.81","104.82","105.14","103.34","7.25M","-0.36%"
"04/12/2011","104.18","106.47","106.70","103.48","12.82M","-3.34%"
"04/11/2011","107.78","109.74","109.90","107.57","6.60M","-1.71%"
"04/08/2011","109.66","109.35","109.94","109.14","6.73M","0.66%"
"04/07/2011","108.94","109.02","109.10","107.51","7.02M","0.26%"
"04/06/2011","108.66","109.83","109.94","108.44","6.90M","-0.61%"
"04/05/2011","109.33","108.25","109.80","108.23","6.54M","1.02%"
"04/04/2011","108.23","108.52","108.57","107.85","4.77M","-0.08%"
"04/01/2011","108.32","108.29","108.78","107.51","6.50M","0.77%"
"03/31/2011","107.49","109.31","109.65","107.35","8.42M","-0.48%"
"03/30/2011","108.01","107.61","108.74","107.55","7.91M","0.60%"
"03/29/2011","107.37","106.04","107.48","105.52","6.97M","1.25%"
"03/28/2011","106.04","106.40","107.10","106.04","6.02M","-0.69%"
"03/25/2011","106.78","105.72","107.01","105.38","8.99M","1.33%"
"03/24/2011","105.38","105.87","105.92","104.93","7.00M","-0.09%"
"03/23/2011","105.48","104.73","105.92","104.45","6.81M","0.24%"
"03/22/2011","105.23","105.36","105.94","105.12","8.01M","0.04%"
"03/21/2011","105.19","103.86","105.20","103.20","8.79M","2.32%"
"03/18/2011","102.80","103.37","103.97","102.36","11.38M","0.55%"
"03/17/2011","102.24","100.88","102.57","100.40","9.99M","2.74%"
"03/16/2011","99.51","101.65","102.07","98.63","14.80M","-1.70%"
"03/15/2011","101.23","98.18","102.00","97.98","12.66M","0.43%"
"03/14/2011","100.80","99.16","101.00","99.03","7.36M","0.87%"
"03/11/2011","99.93","98.10","100.75","97.60","6.87M","0.86%"
"03/10/2011","99.08","101.48","101.48","98.29","12.57M","-3.00%"
"03/09/2011","102.14","103.18","103.68","101.90","7.10M","-1.57%"
"03/08/2011","103.77","103.41","104.04","101.45","8.92M","0.74%"
"03/07/2011","103.01","104.12","104.77","103.01","8.22M","-0.71%"
"03/04/2011","103.75","104.13","104.78","102.50","9.85M","-0.42%"
"03/03/2011","104.19","103.84","104.57","103.32","7.54M","0.70%"
"03/02/2011","103.47","103.05","103.97","102.19","8.34M","0.55%"
"03/01/2011","102.90","104.07","104.99","102.84","12.27M","-0.82%"
"02/28/2011","103.75","102.28","103.94","102.18","10.22M","1.62%"
"02/25/2011","102.10","101.71","102.63","101.35","8.52M","0.07%"
"02/24/2011","102.03","103.09","103.42","101.55","16.47M","-0.23%"
"02/23/2011","102.27","100.53","103.94","100.52","17.17M","1.94%"
"02/22/2011","100.32","99.23","102.12","99.23","15.73M","1.62%"
"02/18/2011","98.72","97.41","98.81","97.03","8.86M","1.60%"
"02/17/2011","97.17","96.56","97.34","96.41","6.62M","0.53%"
"02/16/2011","96.66","96.72","97.02","96.08","6.79M","0.33%"
"02/15/2011","96.34","96.58","96.85","95.66","7.63M","-0.63%"
"02/14/2011","96.95","95.50","97.16","95.50","7.00M","0.52%"
"02/11/2011","96.45","96.09","97.18","95.89","7.33M","-0.26%"
"02/10/2011","96.70","95.88","96.98","95.74","7.29M","0.48%"
"02/09/2011","96.24","97.25","97.38","95.70","8.25M","-1.53%"
"02/08/2011","97.74","97.87","97.99","97.11","5.71M","0.08%"
"02/07/2011","97.66","97.28","98.23","97.26","10.26M","0.57%"
"02/04/2011","97.11","96.93","97.33","96.52","10.53M","-0.21%"
"02/03/2011","97.31","96.57","97.44","95.76","10.51M","0.86%"
"02/02/2011","96.48","95.37","96.85","95.37","6.61M","0.27%"
"02/01/2011","96.22","95.63","96.49","95.17","9.95M","1.36%"
"01/31/2011","94.93","93.85","95.19","93.37","11.17M","1.67%"
"01/28/2011","93.37","94.49","94.85","92.93","12.45M","-1.46%"
"01/27/2011","94.75","94.56","94.96","94.30","6.30M","0.12%"
"01/26/2011","94.64","94.38","94.97","93.58","8.84M","0.60%"
"01/25/2011","94.08","93.78","94.44","93.35","7.42M","-0.02%"
"01/24/2011","94.10","93.89","94.53","93.66","7.29M","0.34%"
"01/21/2011","93.78","93.37","93.94","93.10","7.43M","1.15%"
"01/20/2011","92.71","92.14","92.86","91.58","6.52M","-0.28%"
"01/19/2011","92.97","93.63","93.71","92.58","6.07M","-0.41%"
"01/18/2011","93.35","92.94","93.75","92.93","7.73M","0.56%"
"01/14/2011","92.83","92.12","92.88","91.82","5.56M","0.71%"
"01/13/2011","92.18","92.01","92.60","91.78","5.72M","-0.29%"
"01/12/2011","92.45","92.36","92.85","92.20","7.85M","0.68%"
"01/11/2011","91.83","90.87","91.99","90.81","7.84M","1.57%"
"01/10/2011","90.41","90.95","91.17","90.12","6.85M","-0.86%"
"01/07/2011","91.19","90.98","91.30","90.27","6.35M","0.55%"
"01/06/2011","90.69","91.76","91.83","90.27","6.23M","-0.82%"
"01/05/2011","91.44","90.92","92.07","90.50","6.66M","-0.17%"
"01/04/2011","91.60","92.28","92.48","91.22","8.52M","-0.37%"
"01/03/2011","91.94","91.66","92.38","91.30","7.80M","0.76%"
"12/31/2010","91.25","91.58","91.80","91.00","5.15M","-0.38%"
"12/30/2010","91.60","91.32","91.94","91.15","4.16M","0.25%"
"12/29/2010","91.37","91.54","92.39","91.35","5.30M","0.20%"
"12/28/2010","91.19","90.32","91.43","90.12","5.07M","1.19%"
"12/27/2010","90.12","90.49","90.60","90.04","3.14M","-0.62%"
"12/23/2010","90.68","89.89","90.89","89.82","5.10M","0.85%"
"12/22/2010","89.92","89.62","89.96","89.32","4.26M","0.77%"
"12/21/2010","89.23","89.34","89.82","88.95","5.97M","0.48%"
"12/20/2010","88.80","88.96","89.60","88.57","8.03M","0.35%"
"12/17/2010","88.49","88.85","88.96","88.08","10.83M","-0.64%"
"12/16/2010","89.06","88.08","89.22","87.85","7.80M","1.19%"
"12/15/2010","88.01","88.02","88.63","87.93","7.61M","-0.42%"
"12/14/2010","88.38","88.58","88.95","88.13","7.33M","0.01%"
"12/13/2010","88.37","87.72","88.95","87.51","9.91M","1.54%"
"12/10/2010","87.03","86.96","87.08","86.24","7.41M","0.44%"
"12/09/2010","86.65","86.79","86.98","85.84","8.08M","0.59%"
"12/08/2010","86.14","86.51","86.80","85.63","6.92M","-0.19%"
"12/07/2010","86.30","85.92","86.63","85.71","12.56M","1.59%"
"12/06/2010","84.95","84.79","85.21","84.49","5.19M","0.07%"
"12/03/2010","84.89","84.49","85.00","84.36","6.73M","0.46%"
"12/02/2010","84.50","82.70","84.67","82.53","10.80M","2.18%"
"12/01/2010","82.70","82.15","83.22","81.75","10.63M","2.14%"
"11/30/2010","80.97","80.64","81.61","80.47","10.37M","-0.88%"
"11/29/2010","81.69","81.30","82.05","80.41","9.07M","-0.51%"
"11/26/2010","82.11","82.44","82.57","81.79","2.79M","-0.99%"
"11/24/2010","82.93","82.15","83.01","82.00","8.05M","1.44%"
"11/23/2010","81.75","82.47","82.50","81.15","9.51M","-2.04%"
"11/22/2010","83.45","83.47","83.58","82.05","6.79M","-0.58%"
"11/19/2010","83.94","83.69","83.96","82.82","8.13M","0.14%"
"11/18/2010","83.82","83.04","83.98","82.95","7.59M","1.65%"
"11/17/2010","82.46","82.41","83.13","82.10","7.85M","-0.02%"
"11/16/2010","82.48","83.55","83.58","81.93","12.37M","-2.80%"
"11/15/2010","84.86","85.74","85.97","84.83","9.26M","-0.68%"
"11/12/2010","85.44","85.46","85.61","84.56","10.58M","-0.76%"
"11/11/2010","86.09","85.00","86.19","85.00","11.30M","1.08%"
"11/10/2010","85.17","83.78","85.22","83.25","11.80M","1.93%"
"11/09/2010","83.56","83.91","84.27","83.10","13.60M","-1.46%"
"11/08/2010","84.80","84.62","85.00","83.79","11.80M","-0.21%"
"11/05/2010","84.98","84.71","85.32","84.05","14.52M","-0.19%"
"11/04/2010","85.14","84.16","85.31","83.88","16.30M","2.95%"
"11/03/2010","82.70","82.66","83.12","81.91","10.04M","0.67%"
"11/02/2010","82.15","82.36","82.45","81.72","9.53M","0.86%"
"11/01/2010","81.45","83.15","84.08","81.09","12.78M","-1.39%"
"10/29/2010","82.60","82.89","83.23","81.98","12.46M","-2.18%"
"10/28/2010","84.44","85.27","85.65","84.10","8.52M","0.15%"
"10/27/2010","84.31","84.64","84.64","83.29","9.56M","-0.99%"
"10/26/2010","85.15","84.65","85.24","84.49","5.98M","0.33%"
"10/25/2010","84.87","85.13","85.79","84.74","6.76M","0.38%"
"10/22/2010","84.55","84.79","84.79","84.17","5.55M","0.36%"
"10/21/2010","84.25","84.51","85.00","83.39","9.55M","0.27%"
"10/20/2010","84.02","83.14","84.52","82.93","8.83M","1.49%"
"10/19/2010","82.79","83.38","83.68","82.14","9.46M","-2.00%"
"10/18/2010","84.48","83.48","84.77","83.40","7.81M","1.04%"
"10/15/2010","83.61","84.39","84.54","83.12","9.51M","-0.35%"
"10/14/2010","83.90","83.65","83.92","82.96","6.73M","0.27%"
"10/13/2010","83.67","83.45","84.11","82.86","11.65M","-0.20%"
"10/12/2010","83.84","83.36","84.18","82.63","8.54M","0.16%"
"10/11/2010","83.71","83.85","84.00","83.35","4.80M","-0.27%"
"10/08/2010","83.94","83.47","84.10","82.95","6.89M","0.50%"
"10/07/2010","83.52","84.42","84.50","82.94","7.71M","-0.44%"
"10/06/2010","83.89","83.29","84.30","83.21","8.66M","0.60%"
"10/05/2010","83.39","82.18","83.50","81.95","11.61M","2.56%"
"10/04/2010","81.31","81.89","82.14","80.68","7.61M","-0.78%"
"10/01/2010","81.95","81.89","82.36","81.48","9.58M","1.11%"
"09/30/2010","81.05","81.69","82.19","80.33","10.13M","-0.28%"
"09/29/2010","81.28","80.74","81.70","80.49","8.86M","0.49%"
"09/28/2010","80.88","80.45","81.20","79.58","7.83M","1.00%"
"09/27/2010","80.08","80.30","80.61","80.07","8.38M","-0.05%"
"09/24/2010","80.12","79.26","80.29","78.71","8.26M","2.01%"
"09/23/2010","78.54","78.52","79.37","78.16","6.80M","-0.90%"
"09/22/2010","79.25","79.93","80.40","79.24","6.77M","-0.63%"
"09/21/2010","79.75","80.04","80.23","79.10","8.60M","-0.19%"
"09/20/2010","79.90","78.54","80.13","78.47","7.74M","1.84%"
"09/17/2010","78.46","79.42","79.73","78.24","12.33M","-0.75%"
"09/16/2010","79.05","78.99","79.13","78.39","6.91M","-0.20%"
"09/15/2010","79.21","79.06","79.33","78.52","7.24M","-0.38%"
"09/14/2010","79.51","79.25","79.98","79.18","8.45M","0.33%"
"09/13/2010","79.25","79.37","79.51","78.67","8.59M","0.55%"
"09/10/2010","78.82","78.33","78.82","77.94","8.22M","1.89%"
"09/09/2010","77.36","77.89","78.28","77.27","6.65M","0.14%"
"09/08/2010","77.25","77.16","77.88","77.07","6.94M","0.26%"
"09/07/2010","77.05","77.68","77.91","76.97","5.89M","-1.22%"
"09/03/2010","78.00","77.39","78.00","77.39","7.20M","0.71%"
"09/02/2010","77.45","76.75","77.48","76.47","5.99M","0.89%"
"09/01/2010","76.77","75.36","76.91","75.24","10.55M","3.63%"
"08/31/2010","74.08","73.51","74.53","73.23","9.23M","0.41%"
"08/30/2010","73.78","74.63","74.80","73.78","7.56M","-1.53%"
"08/27/2010","74.93","73.89","75.04","72.93","8.79M","2.18%"
"08/26/2010","73.33","74.37","74.38","73.10","8.18M","-1.00%"
"08/25/2010","74.07","73.32","74.30","72.57","9.72M","0.39%"
"08/24/2010","73.78","74.27","74.90","73.62","11.26M","-1.69%"
"08/23/2010","75.05","75.34","75.99","75.05","9.99M","0.00%"
"08/20/2010","75.05","75.46","75.56","74.55","9.30M","-1.04%"
"08/19/2010","75.84","76.72","76.82","75.50","8.87M","-1.56%"
"08/18/2010","77.04","77.61","77.73","76.54","8.31M","-0.94%"
"08/17/2010","77.77","77.57","78.08","77.08","7.36M","0.08%"
"08/16/2010","77.71","77.11","77.83","76.37","7.29M","0.40%"
"08/13/2010","77.40","77.04","77.77","76.91","7.09M","0.43%"
"08/12/2010","77.07","76.41","77.78","76.20","9.00M","-0.08%"
"08/11/2010","77.13","77.97","77.98","77.02","10.59M","-2.42%"
"08/10/2010","79.04","78.54","79.48","78.16","8.41M","-0.32%"
"08/09/2010","79.29","79.30","79.43","78.87","7.02M","0.71%"
"08/06/2010","78.73","78.23","79.02","77.81","8.99M","-0.43%"
"08/05/2010","79.07","78.51","79.19","78.24","9.31M","0.06%"
"08/04/2010","79.02","78.78","79.10","78.23","8.07M","0.46%"
"08/03/2010","78.66","77.92","79.12","77.81","11.80M","1.11%"
"08/02/2010","77.80","77.62","78.33","77.32","11.86M","2.09%"
"07/30/2010","76.21","75.15","76.37","74.89","16.96M","0.25%"
"07/29/2010","76.02","75.89","76.37","75.28","13.35M","0.61%"
"07/28/2010","75.56","75.13","75.66","75.01","7.40M","0.35%"
"07/27/2010","75.30","74.86","75.43","74.50","8.16M","0.91%"
"07/26/2010","74.62","73.82","74.62","73.41","6.48M","1.50%"
"07/23/2010","73.52","73.28","73.55","72.67","8.43M","0.11%"
"07/22/2010","73.44","72.80","74.00","72.58","9.55M","1.76%"
"07/21/2010","72.17","73.33","73.55","71.57","9.05M","-1.27%"
"07/20/2010","73.10","71.00","73.21","70.96","8.92M","1.53%"
"07/19/2010","72.00","71.84","72.30","71.49","8.35M","0.70%"
"07/16/2010","71.50","72.65","72.84","71.25","12.06M","-2.11%"
"07/15/2010","73.04","73.23","73.23","72.16","10.51M","-0.01%"
"07/14/2010","73.05","73.01","73.12","72.35","11.75M","-0.25%"
"07/13/2010","73.23","72.99","73.58","72.50","13.75M","1.92%"
"07/12/2010","71.85","71.53","72.13","71.35","7.35M","0.01%"
"07/09/2010","71.84","70.46","72.00","70.05","11.39M","2.03%"
"07/08/2010","70.41","70.18","70.69","69.21","13.48M","1.38%"
"07/07/2010","69.45","67.82","69.50","67.49","15.69M","2.80%"
"07/06/2010","67.56","68.28","68.32","66.86","15.04M","0.37%"
"07/02/2010","67.31","67.79","68.15","66.87","9.15M","-0.25%"
"07/01/2010","67.48","68.19","68.30","66.83","16.34M","-0.56%"
"06/30/2010","67.86","68.22","69.06","67.80","12.88M","-0.73%"
"06/29/2010","68.36","69.20","69.39","68.00","16.42M","-2.29%"
"06/28/2010","69.96","70.56","70.57","69.63","10.87M","-0.14%"
"06/25/2010","70.06","71.13","71.13","69.88","20.48M","-1.09%"
"06/24/2010","70.83","71.80","72.13","70.70","14.19M","-1.98%"
"06/23/2010","72.26","73.84","73.90","72.15","14.88M","-2.35%"
"06/22/2010","74.00","75.45","75.72","73.88","10.58M","-2.27%"
"06/21/2010","75.72","76.81","77.25","75.29","9.35M","0.26%"
"06/18/2010","75.52","75.47","75.75","74.90","13.68M","0.27%"
"06/17/2010","75.32","75.02","75.49","74.20","11.11M","0.49%"
"06/16/2010","74.95","74.61","75.39","74.45","10.43M","-0.37%"
"06/15/2010","75.23","74.57","75.26","74.18","11.76M","1.42%"
"06/14/2010","74.18","74.23","75.55","74.16","11.95M","0.16%"
"06/11/2010","74.06","73.48","74.06","72.79","8.35M","-0.15%"
"06/10/2010","74.17","72.87","74.17","72.69","13.94M","4.77%"
"06/09/2010","70.79","71.17","72.39","70.60","14.08M","-0.32%"
"06/08/2010","71.02","71.68","71.73","69.82","16.58M","-0.46%"
"06/07/2010","71.35","71.66","72.49","71.19","12.33M","0.10%"
"06/04/2010","71.28","72.15","72.71","70.80","18.13M","-3.56%"
"06/03/2010","73.91","74.66","74.75","73.14","14.28M","-0.30%"
"06/02/2010","74.13","72.66","74.13","72.12","15.67M","2.55%"
"06/01/2010","72.29","73.56","74.52","72.29","13.97M","-2.14%"
"05/28/2010","73.87","74.00","74.40","73.04","14.45M","-0.66%"
"05/27/2010","74.36","73.13","74.36","72.30","15.25M","3.93%"
"05/26/2010","71.55","73.19","73.50","71.44","16.89M","-1.41%"
"05/25/2010","72.57","71.74","72.69","70.80","22.31M","-1.18%"
"05/24/2010","73.44","74.22","74.38","73.31","10.55M","-1.40%"
"05/21/2010","74.48","72.35","74.65","72.00","15.92M","1.20%"
"05/20/2010","73.60","75.04","75.40","73.53","17.89M","-3.92%"
"05/19/2010","76.60","76.35","77.00","75.54","10.78M","-0.33%"
"05/18/2010","76.85","78.31","78.67","76.39","15.33M","-1.13%"
"05/17/2010","77.73","77.39","77.95","75.95","14.69M","-0.13%"
"05/14/2010","77.83","78.42","78.49","76.98","13.61M","-1.38%"
"05/13/2010","78.92","79.80","80.06","78.75","10.84M","-1.42%"
"05/12/2010","80.06","79.77","80.46","79.36","9.26M","0.45%"
"05/11/2010","79.70","79.64","80.75","79.49","12.02M","-0.24%"
"05/10/2010","79.89","79.37","80.56","78.53","14.66M","3.62%"
"05/07/2010","77.10","77.22","78.61","76.41","21.87M","-0.13%"
"05/06/2010","77.20","79.41","80.21","71.50","21.06M","-3.73%"
"05/05/2010","80.19","79.69","80.73","79.45","13.03M","-0.71%"
"05/04/2010","80.76","82.01","82.24","79.63","16.27M","-2.50%"
"05/03/2010","82.83","81.96","83.41","81.33","11.65M","1.71%"
"04/30/2010","81.44","82.37","83.13","81.29","13.91M","-1.03%"
"04/29/2010","82.29","81.19","82.99","81.19","12.28M","2.07%"
"04/28/2010","80.62","80.62","80.92","79.85","12.12M","0.49%"
"04/27/2010","80.23","82.08","82.51","80.07","13.04M","-2.86%"
"04/26/2010","82.59","82.52","83.14","82.34","9.79M","-0.10%"
"04/23/2010","82.67","81.04","82.77","80.95","9.92M","1.81%"
"04/22/2010","81.20","81.11","81.45","80.64","9.42M","-0.88%"
"04/21/2010","81.92","82.30","82.67","81.24","9.42M","-0.16%"
"04/20/2010","82.05","81.82","82.36","81.66","11.47M","0.90%"
"04/19/2010","81.32","80.25","81.50","80.05","9.34M","0.71%"
"04/16/2010","80.75","81.46","81.90","80.28","12.87M","-1.03%"
"04/15/2010","81.59","80.61","81.76","80.51","9.70M","1.25%"
"04/14/2010","80.58","80.46","80.61","80.03","7.29M","0.46%"
"04/13/2010","80.21","80.42","80.57","79.27","7.98M","-0.27%"
"04/12/2010","80.43","79.50","80.80","79.37","10.00M","1.17%"
"04/09/2010","79.50","78.04","79.62","78.00","9.81M","2.37%"
"04/08/2010","77.66","76.93","78.00","76.63","6.89M","0.37%"
"04/07/2010","77.37","77.67","77.83","76.96","9.43M","-0.65%"
"04/06/2010","77.88","77.57","78.00","77.20","6.49M","0.28%"
"04/05/2010","77.66","76.97","77.75","76.73","8.11M","1.26%"
"04/01/2010","76.69","76.40","77.13","76.34","7.86M","1.13%"
"03/31/2010","75.83","75.47","76.14","75.08","9.88M","0.70%"
"03/30/2010","75.30","75.27","75.50","74.96","6.38M","0.09%"
"03/29/2010","75.23","74.61","75.44","74.49","8.82M","1.07%"
"03/26/2010","74.43","74.00","74.88","73.82","10.41M","0.85%"
"03/25/2010","73.80","74.40","74.62","73.69","10.51M","-0.18%"
"03/24/2010","73.93","74.27","74.50","73.78","9.00M","-1.12%"
"03/23/2010","74.77","74.43","74.79","74.03","8.01M","0.42%"
"03/22/2010","74.46","74.17","74.88","74.00","9.32M","-0.69%"
"03/19/2010","74.98","75.03","75.16","73.89","16.61M","0.29%"
"03/18/2010","74.76","74.85","75.07","74.24","9.92M","0.12%"
"03/17/2010","74.67","74.18","75.06","74.16","10.29M","0.93%"
"03/16/2010","73.98","73.90","74.12","73.41","9.83M","0.56%"
"03/15/2010","73.57","73.51","73.63","72.85","8.81M","-0.20%"
"03/12/2010","73.72","74.17","74.24","73.51","7.68M","-0.36%"
"03/11/2010","73.99","74.07","74.09","73.55","7.03M","0.04%"
"03/10/2010","73.96","74.14","74.33","73.25","14.65M","-0.46%"
"03/09/2010","74.30","74.30","74.91","74.00","8.49M","-0.46%"
"03/08/2010","74.64","74.49","74.88","74.15","6.48M","0.46%"
"03/05/2010","74.30","73.55","74.47","73.51","8.75M","1.67%"
"03/04/2010","73.08","73.07","73.50","72.71","9.42M","-0.07%"
"03/03/2010","73.13","73.63","73.85","73.06","8.19M","-0.26%"
"03/02/2010","73.32","73.18","73.91","73.01","9.26M","0.70%"
"03/01/2010","72.81","72.63","73.18","72.39","7.43M","0.71%"
"02/26/2010","72.30","72.19","72.69","71.82","8.98M","0.26%"
"02/25/2010","72.11","71.19","72.19","70.78","11.76M","-0.32%"
"02/24/2010","72.34","72.12","72.45","71.61","8.92M","0.42%"
"02/23/2010","72.04","72.60","72.93","71.77","11.91M","-1.26%"
"02/22/2010","72.96","74.17","74.22","72.79","8.68M","-1.47%"
"02/19/2010","74.05","73.44","74.38","73.21","13.11M","0.58%"
"02/18/2010","73.62","72.69","73.72","72.34","9.85M","1.07%"
"02/17/2010","72.84","73.22","73.43","72.46","8.73M","-0.21%"
"02/16/2010","72.99","71.99","73.32","71.93","14.23M","2.79%"
"02/12/2010","71.01","70.53","71.30","70.17","13.81M","-1.00%"
"02/11/2010","71.73","70.72","72.11","70.31","11.28M","1.39%"
"02/10/2010","70.75","71.02","71.23","70.00","11.62M","-0.79%"
"02/09/2010","71.31","70.89","72.03","70.82","13.06M","1.68%"
"02/08/2010","70.13","71.24","71.45","70.13","11.60M","-1.48%"
"02/05/2010","71.18","71.00","71.24","69.55","17.31M","-0.27%"
"02/04/2010","71.37","72.56","72.83","71.06","15.25M","-2.51%"
"02/03/2010","73.21","74.18","74.36","73.05","14.54M","-1.67%"
"02/02/2010","74.45","73.74","74.58","73.00","12.95M","1.18%"
"02/01/2010","73.58","72.70","73.74","72.14","11.83M","2.02%"
"01/29/2010","72.12","73.53","74.07","71.75","15.27M","-1.53%"
"01/28/2010","73.24","73.97","74.18","72.32","12.83M","-0.62%"
"01/27/2010","73.70","73.94","74.36","73.13","13.38M","-0.61%"
"01/26/2010","74.15","74.08","74.88","73.70","10.56M","-0.54%"
"01/25/2010","74.55","75.15","75.27","74.09","9.13M","-0.05%"
"01/22/2010","74.59","75.98","76.59","74.43","13.83M","-2.16%"
"01/21/2010","76.24","78.15","78.18","76.06","12.57M","-2.44%"
"01/20/2010","78.15","78.71","78.93","77.65","8.71M","-1.92%"
"01/19/2010","79.68","78.96","79.75","78.57","8.72M","0.57%"
"01/15/2010","79.23","79.54","79.69","78.28","13.48M","-0.40%"
"01/14/2010","79.55","79.63","79.80","79.15","6.72M","-0.31%"
"01/13/2010","79.80","80.27","80.41","79.09","10.84M","-0.76%"
"01/12/2010","80.41","79.52","80.45","79.47","12.18M","-0.58%"
"01/11/2010","80.88","80.17","81.09","80.06","11.92M","1.77%"
"01/08/2010","79.47","79.12","79.47","78.89","5.63M","0.18%"
"01/07/2010","79.33","79.36","79.70","78.97","9.63M","-0.38%"
"01/06/2010","79.63","79.44","80.00","79.19","11.01M","0.01%"
"01/05/2010","79.62","79.22","79.62","78.72","10.60M","0.71%"
"01/04/2010","79.06","78.20","79.20","78.16","10.17M","2.69%"